COPY administrateur (login, password) FROM stdin;
admin1	admin1
admin2	admin2
admin3	admin3
admin4	admin4
admin5	admin5
admin6	admin6
admin7	admin7
admin8	admin8
\.

COPY personne (nom, prenom, datenaiss, lieunaiss, sexe, login, password, statut, numtel) FROM stdin;
DJAMKOU KAMENI	REINE CLARISSE	12-12-2012	YAOUNDE	F	djamkou	djamkou	etudiant	677777777
DJANPOUM YOMI	HERVE	04-04-2004	BOUDA	M	djanpoum	djanpoum	etudiant	688888888
HAMZA	ADAMOU	01-01-2001	FOUMBAN	M	hamza	hamza	enseignant	600000000
MONTHE	VALERY	02-02-2002	DOUALA	M	monthe	monthe	enseignant	6111111111
ATSA ETOUNDI	ROGER	\N	\N	M	atsa	atsa	administratif	666667774
KOFANE	KOFANE	\N	\N	M	kofane	kofane	administratif	655555533
DJAMKO KAMENI	REINE CLARISSE	12-12-2012	YAOUNDE	F	djamko	djamko	etudiant	677777777
YOMI	HERVE	04-04-2004	BOUDA	M	yomi	yomi	etudiant	688888888
HAMADOU	ADAMOU	01-01-2001	FOUMBAN	M	hamadou	hamadou	enseignant	600000000
KOUAKAM	VALERY	02-02-2002	DOUALA	M	kouakam	kouakam	enseignant	6111111111
ETOUNDI	ARMAN	\N	\N	M	etoundi	etoundi	administratif	666667774
FANE	KOFANE	\N	\N	M	fane	fane	administratif	655555533
NDOUMDAM	RENE	\N	\N	M	ndoudam	ndoudam	enseignant	233333333
TINDO	GILBERT	\N	\N	M	tindo	tindo	enseignant	655555432
KUIMI	GILBERT	\N	\N	M	kuimi	kuimi	enseignant	655555432
TCHAPDA	GILBERT	\N	\N	M	tchapda	tchapda	enseignant	655555432
FEUTCHEU	LUDOVIC	12-12-2012	DOUALA	M	feutcheu	feutcheu	etudiant	697526325
TCHATOUA	WOLFGANG	12-12-2012	FOTOKOL	M	tchatoua	tchatoua	etudiant	697526323
MBARGA	MARTIAL	12-12-2012	MBOUDA	M	mbarga	mbarga	etudiant	667526319
TCHIENDA	WILLIAM	12-12-2012	NTUI	F	tchienda	tchienda	etudiant	697526325
ABANDA	PIUS	12-12-2012	BANDJOUN	M	abanda	abanda	etudiant	677526315
OUMAROU	GISLAIN	12-12-2012	BAFOUSSAM	M	oumarou	oumarou	etudiant	697526321
'ETO''O'	PAUL	12-12-2012	MBALLA IV	M	eto o	eto o	etudiant	697526328
NKANA	ROVINCE	12-12-2012	EBEBDA	F	nkana	nkana	etudiant	697526321
MBARGA	MARTIAL	12-12-2012	MBALLA IV	M	mbarga	mbarga	etudiant	677526324
LOMO	BOREL	12-12-2012	'SA''A'	F	lomo	lomo	etudiant	697526331
OKALA	WOLFGANG	12-12-2012	OBALA	M	okala	okala	etudiant	667526317
FEUTCHEU	MARTIN	12-12-2012	GALIM	M	feutcheu	feutcheu	etudiant	697526316
BIYA	AURELIEN	12-12-2012	MONATELE	F	biya	biya	etudiant	697526320
TCHATOUA	BOREL	12-12-2012	NGAMBE	M	tchatoua	tchatoua	etudiant	697526312
FEUTCHEU	ACHILE	12-12-2012	EBOLOWA	F	feutcheu	feutcheu	etudiant	697526318
KAMGA	LUDOVIC	12-12-2012	NTUI	M	kamga	kamga	etudiant	677526329
OKALA	ADIEL	12-12-2012	KYE-OSSI	M	okala	okala	etudiant	697526320
NKANA	SHESTER	12-12-2012	MBALLA IV	F	nkana	nkana	etudiant	677526315
FOTSO	ADIEL	12-12-2012	NGAMBE	F	fotso	fotso	etudiant	677526324
BIYA	ADIEL	12-12-2012	EBEBDA	F	biya	biya	etudiant	667526317
BESSONG	ROVINCE	12-12-2012	NGAMBE	F	bessong	bessong	etudiant	697526321
BIYA	ACHILE	12-12-2012	GAROUA	F	biya	biya	etudiant	697526327
HAMADOU	MARTIN	12-12-2012	DOUALA	M	hamadou	hamadou	administratif	677526330
BESSONG	CAISER	12-12-2012	GAROUA	F	bessong	bessong	administratif	697526320
NKANA	BOREL	12-12-2012	'SA''A'	F	nkana	nkana	administratif	697526318
TCHIENDA	JOHNY	12-12-2012	OBALA	M	tchienda	tchienda	administratif	697526318
MBANDA	CAISER	12-12-2012	NGAMBE	M	mbanda	mbanda	administratif	677526322
ABANDA	WOLFGANG	12-12-2012	DOUALA	M	abanda	abanda	administratif	677526330
OKALA	MARUS	12-12-2012	MONATELE	M	okala	okala	administratif	697526328
TCHIENDA	12-12-2012	LUDOVIC	MBALLA IV	M	tchienda	tchienda	administratif	697526331
FEUTCHEU	CAISER	12-12-2012	'SA''A'	M	feutcheu	feutcheu	administratif	677526329
MBARGA	GISLAIN	12-12-2012	OBALA	M	mbarga	mbarga	administratif	677526315
BIYA	ACHILE	12-12-2012	GALIM	M	biya	biya	administratif	697526320
OUMAROU	SYDNEY	12-12-2012	MBALLA IV	M	oumarou	oumarou	etudiant	697526331
ABOUDI	ADIEL	12-12-2012	GAROUA	F	aboudi	aboudi	etudiant	697526331
TALA	AURELIEN	12-12-2012	'SA''A'	M	tala	tala	etudiant	677526330
TCHATA	PIUS	12-12-2012	EBEBDA	M	tchata	tchata	etudiant	697526328
NKANA	BOREL	12-12-2012	EBEBDA	F	nkana	nkana	etudiant	677526330
MBANDA	PIUS	12-12-2012	BAFOUSSAM	M	mbanda	mbanda	etudiant	697526328
MBARGA	SHESTER	12-12-2012	EBEBDA	M	mbarga	mbarga	etudiant	697526331
'ETO''O'	PAUL	12-12-2012	GALIM	M	eto o	eto o	etudiant	697526331
ABANDA	WOLFGANG	12-12-2012	MANDJA	M	abanda	abanda	etudiant	697526321
KAMGA	LEONARD	12-12-2012	KRIBI	M	kamga	kamga	etudiant	667526326
ABOUDI	CAISER	12-12-2012	MANDJA	M	aboudi	aboudi	etudiant	697526323
OUMAROU	WILLIAM	12-12-2012	GALIM	M	oumarou	oumarou	etudiant	677526330
KAMGA	SYDNEY	12-12-2012	EBEBDA	M	kamga	kamga	etudiant	697526325
LOMO	SYDNEY	12-12-2012	OBALA	F	lomo	lomo	etudiant	697526327
FOTSO	ACHILE	12-12-2012	DOUALA	M	fotso	fotso	etudiant	677526315
TCHATA	JOHNY	12-12-2012	NTUI	M	tchata	tchata	etudiant	697526321
FEUTCHEU	PAUL	12-12-2012	BAFOUSSAM	M	feutcheu	feutcheu	etudiant	667526317
HAMADOU	ADIEL	12-12-2012	BUEA	F	hamadou	hamadou	etudiant	677526315
ABANDA	BOREL	12-12-2012	NTUI	F	abanda	abanda	etudiant	697526325
ABOUDI	ADIEL	12-12-2012	EBOLOWA	F	aboudi	aboudi	etudiant	667526313
FEUTCHEU	WILLIAM	12-12-2012	NTUI	M	oumarou	oumarou	etudiant	677526329
OKALA	JOHNY	12-12-2012	NGAMBE	M	okala	okala	etudiant	697526325
BESSONG	ADIEL	12-12-2012	MBOUDA	F	bessong	bessong	etudiant	697526323
NKE	WILLIAM	01-01-2001	KYE-OSSI	M	nke	nke	etudiant	697526325
'ETO''O'	ACHILE	01-01-2001	MBALLA IV	M	eto o	eto o	etudiant	697526331
TCHATA	LEONARD	01-01-2001	EBEBDA	M	tchata	tchata	etudiant	697526331
FOTSO	SHESTER	01-01-2001	GALIM	M	fotso	fotso	etudiant	697526325
OUMAROU	BOREL	01-01-2001	'SA''A'	F	oumarou	oumarou	etudiant	697526328
BIYA	MARUS	01-01-2001	FOTOKOL	M	biya	biya	etudiant	697526327
NKANA	ADIEL	01-01-2001	KYE-OSSI	M	nkana	nkana	etudiant	697526331
MBARGA	MARTIAL	01-01-2001	NGAMBE	M	mbarga	mbarga	etudiant	677526315
MBANDA	ACHILE	01-01-2001	KRIBI	M	mbanda	mbanda	etudiant	697526323
MBARGA	GISLAIN	01-01-2001	GAROUA	M	mbarga	mbarga	etudiant	677526324
OUMAROU	ACHILE	01-01-2001	'SA''A'	M	oumarou	oumarou	etudiant	697526328
TCHATA	MARTIN	01-01-2001	MONATELE	M	tchata	tchata	etudiant	667526313
OKALA	MARUS	01-01-2001	GALIM	F	okala	okala	etudiant	697526316
TALA	SYDNEY	01-01-2001	EBOLOWA	F	tala	tala	etudiant	697526323
ABOUDI	AURELIEN	01-01-2001	MBALLA IV	F	aboudi	aboudi	etudiant	697526316
TCHIENDA	AURELIEN	01-01-2001	MBALLA IV	F	tchienda	tchienda	etudiant	697526312
TCHIENDA	MARTIN	01-01-2001	GAROUA	M	tchienda	tchienda	etudiant	697526325
BIYA	LEONARD	01-01-2001	FOTOKOL	M	biya	biya	etudiant	697526323
MBARGA	WILLIAM	01-01-2001	FOTOKOL	M	mbarga	mbarga	etudiant	677526330
MBARGA	AURELIEN	01-01-2001	KRIBI	M	mbarga	mbarga	etudiant	677526322
NKANA	ADIEL	01-01-2001	OBALA	M	nkana	nkana	etudiant	697526328
TALA	ROVINCE	01-01-2001	GALIM	M	tala	tala	etudiant	697526318
TCHATOUA	JOHNY	01-01-2001	MANDJA	M	tchatoua	tchatoua	etudiant	677526330
NKE	WILLIAM	01-01-2001	BANDJOUN	M	nke	nke	etudiant	697526323
FEUTCHEU	ROVINCE	01-01-2001	BAFOUSSAM	M	feutcheu	feutcheu	etudiant	697526316
LOMO	SHESTER	01-01-2001	MAROUA	M	lomo	lomo	etudiant	677526315
KAMGA	MARTIN	01-01-2001	DOUALA	M	kamga	kamga	etudiant	677526314
BESSONG	BOREL	01-01-2001	MAROUA	F	bessong	bessong	etudiant	667526317
KAMGA	AURELIEN	01-01-2001	MONATELE	F	kamga	kamga	etudiant	677526324
OUMAROU	GISLAIN	01-01-2001	EBEBDA	M	oumarou	oumarou	etudiant	677526330
LOMO	AURELIEN	01-01-2001	GALIM	F	lomo	lomo	etudiant	677526314
NKE	AURELIEN	01-01-2001	EBOLOWA	F	nke	nke	etudiant	667526317
BESSONG	ROVINCE	01-01-2001	MANDJA	F	bessong	bessong	etudiant	677526330
MBANDA	SYDNEY	01-01-2001	KRIBI	M	mbanda	mbanda	etudiant	697526323
MBANDA	LEONARD	01-01-2001	BUEA	M	mbanda	mbanda	etudiant	697526325
LOMO	SHESTER	01-01-2001	BANDJOUN	M	lomo	lomo	etudiant	697526331
OUMAROU	PAUL	01-01-2001	NGAMBE	M	oumarou	oumarou	etudiant	697526318
TCHATOUA	PIUS	01-01-2001	OBALA	F	tchatoua	tchatoua	etudiant	677526322
FOTSO	ROVINCE	01-01-2001	MBOUDA	M	fotso	fotso	etudiant	697526331
NKE	LAURENT	01-01-2001	'SA''A'	M	nke	nke	etudiant	697526331
TCHIENDA	JOHNY	01-01-2001	EBEBDA	M	tchienda	tchienda	etudiant	677526329
MBARGA	MARTIN	01-01-2001	BUEA	M	mbarga	mbarga	etudiant	677526314
NKANA	WILLIAM	01-01-2001	DOUALA	M	nkana	nkana	etudiant	697526316
FOTSO	MARTIAL	01-01-2001	'SA''A'	M	fotso	fotso	etudiant	697526312
MOTTO	SERGE	\N	\N	M	motto	motto	enseignant	655555432
TSOPZE	NORBERT	\N	\N	M	tsopze	tsopze	enseignant	655555432
KIMBI	\N	\N	\N	F	kimbi	kimbi	enseignant	655555432
\.

COPY departement (code, libelle) FROM stdin;
info	informatique
maths	mathematiques
phys	physiques
boa	biologie animale
bov	biologie vegetale
chm	chimie
\.

COPY enseignant (matricule, idpersonne, iddepartement, grade, specialite) FROM stdin;
ens1234	3	1	assistant	systeme d exploitation
ens2134	4	1	assistant	genie logiciel
ens1111	5	1	professeur	genie logiciel
ens2222	6	3	professeur	mecanique
ens1122	9	2	charge de cours	statistique
ens3215	13	1	professeur	automate
ens3451	14	1	charge de cours	syteme d exploitation
ens5412	15	2	charge de cours	algébre
ens2345	16	2	charge de cours	analyse
ens3232	117	1	charge de cours	mathematique discret
ens4545	118	1	charge de cours	architecture
ens8080	119	1	charge de cours	genie logiciel
\.

COPY etudiant (matricule, idpersonne) FROM stdin;
12Y080	1
11U0049	2
12U0001	70
12U0002	71
12U0003	72
12U0004	73
12U0005	74
12U0006	75
12U0007	76
12U0008	77
12U0009	78
12U0010	79
12U0011	80
12U0012	81
12U0013	82
12U0014	69
12U0015	83
12U0016	84
12U0017	85
12U0018	86
12U0019	87
12U0020	88
12U0021	89
12U0022	90
12U0023	91
12U0024	92
12U0025	93
12U0026	94
12U0027	95
12U0028	96
12U0030	97
12U0029	98
12U0031	99
12U0032	100
12U0033	101
12U0034	102
12U0035	103
12U0036	104
12U0037	105
12U0038	106
12U0039	107
12U0040	108
12U0042	109
12U0041	110
12U0043	111
12U0044	112
12U0045	113
12U0046	114
12U0047	115
12U0048	116
12U0049	68
12U0050	67
12U0051	66
12U0052	65
12U0053	64
12U0054	63
11U0041	62
11U0019	8
\.

COPY administratif (idpersonne) FROM stdin;
5
6
11
12
39
40
41
42
43
44
45
46
47
48
49
\.

COPY annee_academique (annee, etat) FROM stdin;
2015-2016	en_cours
2014-2015	annee_passee
\.

COPY droit (idadmin, nom) FROM stdin;
1	modifier, consulte note
1	connecte
2	supprimer note
2	consulte, imprimer note
3	recevoir requete, notification
4	publier PV
5	proceder au deliberation
\.

COPY role (idadmin, role) FROM stdin;
1	etudiant
2	etudiant
2	enseignant
2	president jury
2	enseignant, president jury
4	chef departement
5	president jury, enseignant
\.

COPY appartenirdroit (iddroit, idrole) FROM stdin;
1	3
1	4
2	1
2	3
2	4
2	5
3	3
3	4
4	1
4	2
5	3
5	4
5	5
6	4
7	4
\.

COPY etablir_droit (matricule, idadministatif, iddroit, datedeb, datefin) FROM stdin;
ens1111	4	6	01-01-2015	01-01-2016
ens1111	4	2	01-01-2015	01-01-2016
ens1111	4	5	01-01-2015	01-01-2016
ens1111	4	1	01-01-2015	01-01-2016
ens1111	4	7	01-01-2015	01-01-2016
ens2222	5	2	01-01-2015	01-01-2016
ens2222	5	6	01-01-2015	01-01-2016
ens2222	5	1	01-01-2015	01-01-2016
ens2222	5	7	01-01-2015	01-01-2016
ens2222	5	5	01-01-2015	01-01-2016
ens3451	10	1	01-01-2015	01-01-2016
ens3451	10	2	01-01-2015	01-01-2016
ens3451	10	4	01-01-2015	01-01-2016
ens5412	11	2	01-01-2015	01-01-2016
ens5412	11	1	01-01-2015	01-01-2016
ens5412	11	4	01-01-2015	01-01-2016
ens2345	12	2	01-01-2015	01-01-2016
ens2345	12	4	01-01-2015	01-01-2016
ens2345	12	1	01-01-2015	01-01-2016
ens1122	13	2	01-01-2015	01-01-2016
ens1122	13	1	01-01-2015	01-01-2016
ens1122	13	4	01-01-2015	01-01-2016
\.

COPY matiere (code, libelle) FROM stdin;
inf302	Bases de donnees
inf401	systeme d information
inf401	Bases de donnees avancee
inf420	complexite
inf407	compilation
inf409	reseau
inf403	systeme d exploitation
inf423	conception orientee objet
inf405	genie logiciel
math113	analyse
math111	algebre
inf113	algorithmique
phy111	electrostatique
phy120	loi d evolution1
phy121	loi d evolution2
math240	analyse2
math221	serie de fourier
inf309	introduction au reseau
inf305	algorithme et structure de donnee
inf304	conception oriente objet
inf306	genie logiciel
inf301	systeme d exploitation
inf320	programmation logique
inf310	logique
inf407	architecture des ordinateurs
inf303	architecture(asm)
inf307	systeme d information
inf308	administration systeme
\.

COPY enseignant_mat (idmatiere, matricule, annee) FROM stdin;
24	ens3451	2015-2016
19	ens3451	2015-2016
14	ens3215	2015-2016
2	ens1111	2015-2016
22	ens1111	2015-2016
16	ens1234	2015-2016
22	ens2134	2014-2015
\.

COPY examen (date_exam, type_exam) FROM stdin;
10-01-2016	normale
10-02-2016	rattrapage
12-12-2015	cc
05-05-2016	cc
18-06-2016	normale
05-07-2016	rattrapage
05-07-2016	tp
\.

COPY niveau (niveau, cycle) FROM stdin;
L1	Licence
L2	Licence
L3	Licence
M1	Master
M2	Master
\.

COPY semestre (annee, semestre) FROM stdin;
2015-2016	S1
2015-2016	S2
2015-2016	S3
2015-2016	S4
\.

COPY requete (matricule, objet, date_requete, etat) FROM stdin;
12Y080	modification de note	12-06-2016	en_cours
11U0049	attribution de note	20-06-2016	traite
12Y080	non publication de note	13-06-2016	en_cours
11U0049	eurreur de nom	20-05-2016	traite
12Y080	demande rattrapage de CC	02-06-2016	en_cours
12U0008	attribution de note	21-06-2016	traite
12U0001	modification de note	22-06-2016	en_cours
12U0009	attribution de note	10-06-2016	traite
\.

COPY reponse (matricule, idrequete, date_reponse, contenu) FROM stdin;
ens1234	1	14-06-2016	15/20 et non 12/20
ens3215	2	21-06-2016	note attribuee 16/20
ens1234	3	14-06-2016	\N
ens1111	4	21-06-2016	DJANPOUM et non DJAMPOUM
ens3451	5	14-06-2016	Le 05-06-2016
ens2134	6	22-06-2016	note attribuee 17/20
ens1234	7	24-06-2016	12/20 et non 09/20
ens2134	8	22-06-2016	note attribuee 15/20
\.

COPY matiere_exam (idmatiere, idexamen, annee, pourcentage) FROM stdin;
1	1	2015-2016	50
1	2	2015-2016	50
1	3	2015-2016	20
1	7	2015-2016	30
2	4	2015-2016	30
2	5	2015-2016	70
2	6	2015-2016	70
3	1	2015-2016	70
3	2	2015-2016	70
3	3	2015-2016	30
4	4	2015-2016	30
4	5	2015-2016	70
4	6	2015-2016	70
5	1	2015-2016	70
5	2	2015-2016	70
5	3	2015-2016	30
6	4	2015-2016	30
6	5	2015-2016	70
6	6	2015-2016	70
\.

COPY ue (code, idsemestre, libelle) FROM stdin;
info401	1	base de donnee avancee SI
info420	2	compilation complexite
info409	1	reseau systeme d exploitation
info405	1	conception oriente objet
info302	2	base de donnees
info306	2	genie logiciel
info320	2	logique
info310	1	programmation logique
info301	1	systeme d exploitation
info407	2	architacture
info403	1	systeme d exploitation
phyo120	1	mecanique
phyo113	1	optique
phyo121	1	electrostaique
info309	1	reseau
\.

COPY matiere_ue (idmatiere,code, annee, credit) FROM stdin;
2	info401	2015-2016	5
3	info401	2015-2016	5
4	info420	2015-2016	5
5	info420	2015-2016	5
6	info409	2015-2016	5
7	info409	2015-2016	5
8	info405	2015-2016	5
9	info405	2015-2016	5
\.

COPY etudiant_exam (idexamen, matricule, annee, note, anonymat) FROM stdin;
1	11U0049	2015-2016	15	0000049
3	11U0049	2015-2016	12	\N
1	12Y080	2015-2016	16	0000080
3	12Y080	2015-2016	14	\N
5	11U0049	2015-2016	15	0000049
4	11U0049	2015-2016	12	\N
5	12Y080	2015-2016	16	0000080
4	12Y080	2015-2016	14	\N
1	12U0009	2015-2016	15	0000049
3	12U0009	2015-2016	12	\N
5	12U0009	2015-2016	16	0000080
4	12U0009	2015-2016	14	\N
1	12U0008	2015-2016	15	0000049
3	12U0008	2015-2016	12	\N
5	12U0008	2015-2016	16	0000080
4	12U0008	2015-2016	14	\N
1	12U0005	2015-2016	15	0000049
3	12U0005	2015-2016	12	\N
5	12U0005	2015-2016	16	0000080
4	12U0005	2015-2016	14	\N
1	12U0004	2015-2016	15	0000049
3	12U0004	2015-2016	05	\N
5	12U0004	2015-2016	16	0000080
4	12U0004	2015-2016	16	\N
1	12U0003	2015-2016	15	0000049
3	12U0003	2015-2016	08	\N
5	12U0003	2015-2016	16	0000080
4	12U0003	2015-2016	07	\N
1	12U0002	2015-2016	17	0000049
3	12U0002	2015-2016	18	\N
5	12U0002	2015-2016	12	0000080
4	12U0002	2015-2016	11	\N
\.

COPY filiere (iddepartement, code, libelle) FROM stdin;
3	phys	physique
6	chm	chimie
2	maths	mathematiques
1	info	informatique
4	boa	biologie animale
5	bov	biologie vegetale
\.

COPY classe (idfiliere, niveau, nom) FROM stdin;
1	L1	phys_L1
1	L2	phys_L2
1	L3	phys_L3
1	M1	phys_M1
1	M2	phys_M2
2	L1	chim_L1
2	L2	chim_L2
2	L3	chim_L3
2	M1	chim_M1
2	M2	chim_M2
3	L1	maths_L1
3	L2	maths_L2
3	L3	maths_L3
3	M1	maths_M1
3	M2	maths_M2
4	L1	info_L1
4	L2	info_L2
4	L3	info_L3
4	M1	info_M1
4	M2	info_M2
5	L1	boa_L1
5	L2	boa_L2
5	L3	boa_L3
5	M1	boa_M1
5	M2	boa_M2
6	L1	bov_L1
6	L2	bov_L2
6	L3	bov_L3
6	M1	bov_M1
6	M2	bov_M2
\.

COPY inscription (idmatiere, matricule, annee) FROM stdin;
3	11U0049	2015-2016
2	11U0049	2015-2016
4	11U0049	2015-2016
5	11U0049	2015-2016
6	11U0049	2015-2016
7	11U0049	2015-2016
8	11U0049	2015-2016
9	11U0049	2015-2016
25	11U0049	2015-2016
3	12Y080	2015-2016
2	12Y080	2015-2016
4	12Y080	2015-2016
5	12Y080	2015-2016
6	12Y080	2015-2016
7	12Y080	2015-2016
8	12Y080	2015-2016
9	12Y080	2015-2016
25	12Y080	2015-2016
3	12U0009	2015-2016
2	12U0009	2015-2016
4	12U0009	2015-2016
5	12U0009	2015-2016
6	12U0009	2015-2016
7	12U0009	2015-2016
8	12U0009	2015-2016
9	12U0009	2015-2016
25	12U0009	2015-2016
3	12U0008	2015-2016
2	12U0008	2015-2016
4	12U0008	2015-2016
5	12U0008	2015-2016
6	12U0008	2015-2016
7	12U0008	2015-2016
8	12U0008	2015-2016
9	12U0008	2015-2016
25	12U0008	2015-2016
3	12U0007	2015-2016
2	12U0007	2015-2016
4	12U0007	2015-2016
5	12U0007	2015-2016
6	12U0007	2015-2016
7	12U0007	2015-2016
8	12U0007	2015-2016
9	12U0007	2015-2016
25	12U0007	2015-2016
3	12U0006	2015-2016
2	12U0006	2015-2016
4	12U0006	2015-2016
5	12U0006	2015-2016
6	12U0006	2015-2016
7	12U0006	2015-2016
8	12U0006	2015-2016
9	12U0006	2015-2016
25	12U0006	2015-2016
1	12U0005	2015-2016
18	12U0005	2015-2016
19	12U0005	2015-2016
20	12U0005	2015-2016
21	12U0005	2015-2016
22	12U0005	2015-2016
23	12U0005	2015-2016
24	12U0005	2015-2016
26	12U0005	2015-2016
27	12U0005	2015-2016
28	12U0005	2015-2016
1	12U0004	2015-2016
18	12U0004	2015-2016
19	12U0004	2015-2016
20	12U0004	2015-2016
21	12U0004	2015-2016
22	12U0004	2015-2016
23	12U0004	2015-2016
24	12U0004	2015-2016
26	12U0004	2015-2016
27	12U0004	2015-2016
28	12U0004	2015-2016
1	12U0003	2015-2016
18	12U0003	2015-2016
19	12U0003	2015-2016
20	12U0003	2015-2016
21	12U0003	2015-2016
22	12U0003	2015-2016
23	12U0003	2015-2016
24	12U0003	2015-2016
26	12U0003	2015-2016
27	12U0003	2015-2016
28	12U0003	2015-2016
1	12U0002	2015-2016
18	12U0002	2015-2016
19	12U0002	2015-2016
20	12U0002	2015-2016
21	12U0002	2015-2016
22	12U0002	2015-2016
23	12U0002	2015-2016
24	12U0002	2015-2016
26	12U0002	2015-2016
27	12U0002	2015-2016
28	12U0002	2015-2016
3	11U0019	2015-2016
2	11U0019	2015-2016
4	11U0019	2015-2016
5	11U0019	2015-2016
6	11U0019	2015-2016
7	11U0019	2015-2016
8	11U0019	2015-2016
9	11U0019	2015-2016
25	11U0019	2015-2016
3	11U0041	2015-2016
2	11U0041	2015-2016
4	11U0041	2015-2016
5	11U0041	2015-2016
6	11U0041	2015-2016
7	11U0041	2015-2016
8	11U0041	2015-2016
9	11U0041	2015-2016
25	11U0041	2015-2016
1	12U0010	2015-2016
18	12U0010	2015-2016
19	12U0010	2015-2016
20	12U0010	2015-2016
21	12U0010	2015-2016
22	12U0010	2015-2016
23	12U0010	2015-2016
24	12U0010	2015-2016
26	12U0010	2015-2016
27	12U0010	2015-2016
28	12U0010	2015-2016
1	12U0011	2015-2016
18	12U0011	2015-2016
19	12U0011	2015-2016
20	12U0011	2015-2016
21	12U0011	2015-2016
22	12U0011	2015-2016
23	12U0011	2015-2016
24	12U0011	2015-2016
26	12U0011	2015-2016
27	12U0011	2015-2016
28	12U0011	2015-2016
1	12U0012	2015-2016
18	12U0012	2015-2016
19	12U0012	2015-2016
20	12U0012	2015-2016
21	12U0012	2015-2016
22	12U0012	2015-2016
23	12U0012	2015-2016
24	12U0012	2015-2016
26	12U0012	2015-2016
27	12U0012	2015-2016
28	12U0012	2015-2016
1	12U0013	2015-2016
18	12U0013	2015-2016
19	12U0013	2015-2016
20	12U0013	2015-2016
21	12U0013	2015-2016
22	12U0013	2015-2016
23	12U0013	2015-2016
24	12U0013	2015-2016
26	12U0013	2015-2016
27	12U0013	2015-2016
28	12U0013	2015-2016
1	12U0014	2015-2016
18	12U0014	2015-2016
19	12U0014	2015-2016
20	12U0014	2015-2016
21	12U0014	2015-2016
22	12U0014	2015-2016
23	12U0014	2015-2016
24	12U0014	2015-2016
26	12U0014	2015-2016
27	12U0014	2015-2016
28	12U0014	2015-2016
1	12U0015	2015-2016
18	12U0015	2015-2016
19	12U0015	2015-2016
20	12U0015	2015-2016
21	12U0015	2015-2016
22	12U0015	2015-2016
23	12U0015	2015-2016
24	12U0015	2015-2016
26	12U0015	2015-2016
27	12U0015	2015-2016
28	12U0015	2015-2016
1	12U0016	2015-2016
18	12U0016	2015-2016
19	12U0016	2015-2016
20	12U0016	2015-2016
21	12U0016	2015-2016
22	12U0016	2015-2016
23	12U0016	2015-2016
24	12U0016	2015-2016
26	12U0016	2015-2016
27	12U0016	2015-2016
28	12U0016	2015-2016
1	12U0017	2015-2016
18	12U0017	2015-2016
19	12U0017	2015-2016
20	12U0017	2015-2016
21	12U0017	2015-2016
22	12U0017	2015-2016
23	12U0017	2015-2016
24	12U0017	2015-2016
26	12U0017	2015-2016
27	12U0017	2015-2016
28	12U0017	2015-2016
\.
COPY enseignant_chef_departement (matricule, iddepartement, annee) FROM stdin;
ens1111	1	2015-2016
ens2222	1	2015-2016
\.

COPY enseignant_classe_jury (idclasse, matricule, annee) FROM stdin;
16	ens3232	2015-2016
17	ens3215	2015-2016
18	ens8080	2015-2016
19	ens4545	2015-2016
20	ens1111	2015-2016
\.
COPY etudiant_classe (matricule, idclasse, annee) FROM stdin;
11U0049	19	2015-2016
12Y080	19	2015-2016
12U0009	19	2015-2016
12U0008	19	2015-2016
12U0007	19	2015-2016
12U0006	19	2015-2016
12U0005	18	2015-2016
12U0004	18	2015-2016
12U0003	18	2015-2016
12U0002	18	2015-2016
11U0019	19	2015-2016
11U0041	19	2015-2016
12U0010	19	2015-2016
12U0011	19	2015-2016
12U0012	19	2015-2016
12U0013	19	2015-2016
12U0014	18	2015-2016
12U0015	18	2015-2016
12U0016	18	2015-2016
12U0017	18	2015-2016
\.

COPY roleenseignant (matricule, idrole) FROM stdin;
ens1111	5
ens2222	5
ens1111	6
ens1111	3
ens3232	3
ens3232	6
ens4545	3
ens4545	6
\.
COPY roleetudiant (idrole, matricule) FROM stdin;
1	11U0049
1	12Y080
2	11U0049
2	12Y080
1	12U0002
1	12U0003
1	12U0004
1	12U0005
1	12U0006
1	12U0007
1	12U0008
1	12U0009
1	12U0010
1	12U0011
1	12U0012
1	12U0013
1	12U0014
2	12U0002
2	12U0003
2	12U0004
2	12U0005
2	12U0006
2	12U0007
2	12U0008
2	12U0009
2	12U0010
2	12U0011
2	12U0012
2	12U0013
2	12U0014
\.

COPY roleadministratif (idadministatif, idrole) FROM stdin;
1	3
1	4
\.

COPY ue_classe (code, idclasse, annee) FROM stdin;
info302	18	2015-2016
info309	18	2015-2016
info306	18	2015-2016
info320	18	2015-2016
info310	18	2015-2016
info301	18	2015-2016
info407	19	2015-2016
info420	19	2015-2016
info403	19	2015-2016
info401	19	2015-2016
info409	19	2015-2016
info405	19	2015-2016
phyo120	1	2015-2016
phyo113	1	2015-2016
phyo121	1	2015-2016
\.


