INSERT INTO personne (idpersonne, nom, prenom, datenaiss, lieunaiss, sexe, login, password, statut, numtel) VALUES (1, 'DJAMKOU KAMENI', 'REINE CLARISSE', '12-12-2012', 'YAOUNDE', 'F', 'djamkou', 'djamkou', 'etudiant', '677777777');
INSERT INTO personne (idpersonne, nom, prenom, datenaiss, lieunaiss, sexe, login, password, statut, numtel) VALUES (2, 'DJANPOUM YOMI', 'HERVE', '04-04-2004', 'BOUDA', 'M', 'djanpoum', 'djanpoum', 'etudiant', '688888888');
INSERT INTO personne (idpersonne, nom, prenom, datenaiss, lieunaiss, sexe, login, password, statut, numtel) VALUES (3, 'HAMZA', 'ADAMOU', '01-01-2001', 'FOUMBAN', 'M', 'hamza', 'hamza', 'enseignant', '600000000');
INSERT INTO personne (idpersonne, nom, prenom, datenaiss, lieunaiss, sexe, login, password, statut, numtel) VALUES (4, 'MONTHE', 'VALERY', '02-02-2002', 'DOUALA', 'M', 'monthe', 'monthe', 'enseignant', '6111111111');
INSERT INTO personne (idpersonne, nom, prenom, datenaiss, lieunaiss, sexe, login, password, statut, numtel) VALUES (5, 'ATSA ETOUNDI', 'ROGER', NULL, NULL, 'M', 'atsa', 'atsa', 'administratif', '666667774');
INSERT INTO personne (idpersonne, nom, prenom, datenaiss, lieunaiss, sexe, login, password, statut, numtel) VALUES (6, 'KOFANE', 'KOFANE', NULL, NULL, 'M', 'kofane', 'kofane', 'administratif', '655555533');
INSERT INTO personne (idpersonne, nom, prenom, datenaiss, lieunaiss, sexe, login, password, statut, numtel) VALUES (7, 'DJAMKO KAMENI', 'REINE CLARISSE', '12-12-2012', 'YAOUNDE', 'F', 'djamko', 'djamko', 'etudiant', '677777777');
INSERT INTO personne (idpersonne, nom, prenom, datenaiss, lieunaiss, sexe, login, password, statut, numtel) VALUES (8, 'YOMI', 'HERVE', '04-04-2004', 'BOUDA', 'M', 'yomi', 'yomi', 'etudiant', '688888888');
INSERT INTO personne (idpersonne, nom, prenom, datenaiss, lieunaiss, sexe, login, password, statut, numtel) VALUES (9, 'HAMADOU', 'ADAMOU', '01-01-2001', 'FOUMBAN', 'M', 'hamadou', 'hamadou', 'enseignant', '600000000');
INSERT INTO personne (idpersonne, nom, prenom, datenaiss, lieunaiss, sexe, login, password, statut, numtel) VALUES (10, 'KOUAKAM', 'VALERY', '02-02-2002', 'DOUALA', 'M', 'kouakam', 'kouakam', 'enseignant', '6111111111');
INSERT INTO personne (idpersonne, nom, prenom, datenaiss, lieunaiss, sexe, login, password, statut, numtel) VALUES (11, 'ETOUNDI', 'ARMAN', NULL, NULL, 'M', 'etoundi', 'etoundi', 'administratif', '666667774');
INSERT INTO personne (idpersonne, nom, prenom, datenaiss, lieunaiss, sexe, login, password, statut, numtel) VALUES (12, 'FANE', 'KOFANE', NULL, NULL, 'M', 'fane', 'fane', 'administratif', '655555533');
INSERT INTO personne (idpersonne, nom, prenom, datenaiss, lieunaiss, sexe, login, password, statut, numtel) VALUES (13, 'NDOUMDAM', 'RENE', NULL, NULL, 'M', 'ndoudam', 'ndoudam', 'enseignant', '233333333');
INSERT INTO personne (idpersonne, nom, prenom, datenaiss, lieunaiss, sexe, login, password, statut, numtel) VALUES (14, 'TINDO', 'GILBERT', NULL, NULL, 'M', 'tindo', 'tindo', 'enseignant', '655555432');
INSERT INTO personne (idpersonne, nom, prenom, datenaiss, lieunaiss, sexe, login, password, statut, numtel) VALUES (15, 'KUIMI', 'GILBERT', NULL, NULL, 'M', 'kuimi', 'kuimi', 'enseignant', '655555432');
INSERT INTO personne (idpersonne, nom, prenom, datenaiss, lieunaiss, sexe, login, password, statut, numtel) VALUES (16, 'TCHAPDA', 'GILBERT', NULL, NULL, 'M', 'tchapda', 'tchapda', 'enseignant', '655555432');
INSERT INTO personne (idpersonne, nom, prenom, datenaiss, lieunaiss, sexe, login, password, statut, numtel) VALUES (17, 'FEUTCHEU', 'LUDOVIC', '12-12-2012', 'DOUALA', 'M', 'feutcheu', 'feutcheu', 'etudiant', '697526325');
INSERT INTO personne (idpersonne, nom, prenom, datenaiss, lieunaiss, sexe, login, password, statut, numtel) VALUES (18, 'TCHATOUA', 'WOLFGANG', '12-12-2012', 'FOTOKOL', 'M', 'tchatoua', 'tchatoua', 'etudiant', '697526323');
INSERT INTO personne (idpersonne, nom, prenom, datenaiss, lieunaiss, sexe, login, password, statut, numtel) VALUES (19, 'MBARGA', 'MARTIAL', '12-12-2012', 'MBOUDA', 'M', 'mbarga', 'mbarga', 'etudiant', '667526319');
INSERT INTO personne (idpersonne, nom, prenom, datenaiss, lieunaiss, sexe, login, password, statut, numtel) VALUES (20, 'TCHIENDA', 'WILLIAM', '12-12-2012', 'NTUI', 'F', 'tchienda', 'tchienda', 'etudiant', '697526325');
INSERT INTO personne (idpersonne, nom, prenom, datenaiss, lieunaiss, sexe, login, password, statut, numtel) VALUES (21, 'ABANDA', 'PIUS', '12-12-2012', 'BANDJOUN', 'M', 'abanda', 'abanda', 'etudiant', '677526315');
INSERT INTO personne (idpersonne, nom, prenom, datenaiss, lieunaiss, sexe, login, password, statut, numtel) VALUES (22, 'OUMAROU', 'GISLAIN', '12-12-2012', 'BAFOUSSAM', 'M', 'oumarou', 'oumarou', 'etudiant', '697526321');
INSERT INTO personne (idpersonne, nom, prenom, datenaiss, lieunaiss, sexe, login, password, statut, numtel) VALUES (23, '''ETO''''O''', 'PAUL', '12-12-2012', 'MBALLA IV', 'M', 'eto o', 'eto o', 'etudiant', '697526328');
INSERT INTO personne (idpersonne, nom, prenom, datenaiss, lieunaiss, sexe, login, password, statut, numtel) VALUES (24, 'NKANA', 'ROVINCE', '12-12-2012', 'EBEBDA', 'F', 'nkana', 'nkana', 'etudiant', '697526321');
INSERT INTO personne (idpersonne, nom, prenom, datenaiss, lieunaiss, sexe, login, password, statut, numtel) VALUES (25, 'MBARGA', 'MARTIAL', '12-12-2012', 'MBALLA IV', 'M', 'mbarga', 'mbarga', 'etudiant', '677526324');
INSERT INTO personne (idpersonne, nom, prenom, datenaiss, lieunaiss, sexe, login, password, statut, numtel) VALUES (26, 'LOMO', 'BOREL', '12-12-2012', '''SA''''A''', 'F', 'lomo', 'lomo', 'etudiant', '697526331');
INSERT INTO personne (idpersonne, nom, prenom, datenaiss, lieunaiss, sexe, login, password, statut, numtel) VALUES (27, 'OKALA', 'WOLFGANG', '12-12-2012', 'OBALA', 'M', 'okala', 'okala', 'etudiant', '667526317');
INSERT INTO personne (idpersonne, nom, prenom, datenaiss, lieunaiss, sexe, login, password, statut, numtel) VALUES (28, 'FEUTCHEU', 'MARTIN', '12-12-2012', 'GALIM', 'M', 'feutcheu', 'feutcheu', 'etudiant', '697526316');
INSERT INTO personne (idpersonne, nom, prenom, datenaiss, lieunaiss, sexe, login, password, statut, numtel) VALUES (29, 'BIYA', 'AURELIEN', '12-12-2012', 'MONATELE', 'F', 'biya', 'biya', 'etudiant', '697526320');
INSERT INTO personne (idpersonne, nom, prenom, datenaiss, lieunaiss, sexe, login, password, statut, numtel) VALUES (30, 'TCHATOUA', 'BOREL', '12-12-2012', 'NGAMBE', 'M', 'tchatoua', 'tchatoua', 'etudiant', '697526312');
INSERT INTO personne (idpersonne, nom, prenom, datenaiss, lieunaiss, sexe, login, password, statut, numtel) VALUES (31, 'FEUTCHEU', 'ACHILE', '12-12-2012', 'EBOLOWA', 'F', 'feutcheu', 'feutcheu', 'etudiant', '697526318');
INSERT INTO personne (idpersonne, nom, prenom, datenaiss, lieunaiss, sexe, login, password, statut, numtel) VALUES (32, 'KAMGA', 'LUDOVIC', '12-12-2012', 'NTUI', 'M', 'kamga', 'kamga', 'etudiant', '677526329');
INSERT INTO personne (idpersonne, nom, prenom, datenaiss, lieunaiss, sexe, login, password, statut, numtel) VALUES (33, 'OKALA', 'ADIEL', '12-12-2012', 'KYE-OSSI', 'M', 'okala', 'okala', 'etudiant', '697526320');
INSERT INTO personne (idpersonne, nom, prenom, datenaiss, lieunaiss, sexe, login, password, statut, numtel) VALUES (34, 'NKANA', 'SHESTER', '12-12-2012', 'MBALLA IV', 'F', 'nkana', 'nkana', 'etudiant', '677526315');
INSERT INTO personne (idpersonne, nom, prenom, datenaiss, lieunaiss, sexe, login, password, statut, numtel) VALUES (35, 'FOTSO', 'ADIEL', '12-12-2012', 'NGAMBE', 'F', 'fotso', 'fotso', 'etudiant', '677526324');
INSERT INTO personne (idpersonne, nom, prenom, datenaiss, lieunaiss, sexe, login, password, statut, numtel) VALUES (36, 'BIYA', 'ADIEL', '12-12-2012', 'EBEBDA', 'F', 'biya', 'biya', 'etudiant', '667526317');
INSERT INTO personne (idpersonne, nom, prenom, datenaiss, lieunaiss, sexe, login, password, statut, numtel) VALUES (37, 'BESSONG', 'ROVINCE', '12-12-2012', 'NGAMBE', 'F', 'bessong', 'bessong', 'etudiant', '697526321');
INSERT INTO personne (idpersonne, nom, prenom, datenaiss, lieunaiss, sexe, login, password, statut, numtel) VALUES (38, 'BIYA', 'ACHILE', '12-12-2012', 'GAROUA', 'F', 'biya', 'biya', 'etudiant', '697526327');
INSERT INTO personne (idpersonne, nom, prenom, datenaiss, lieunaiss, sexe, login, password, statut, numtel) VALUES (39, 'HAMADOU', 'MARTIN', '12-12-2012', 'DOUALA', 'M', 'hamadou', 'hamadou', 'administratif', '677526330');
INSERT INTO personne (idpersonne, nom, prenom, datenaiss, lieunaiss, sexe, login, password, statut, numtel) VALUES (40, 'BESSONG', 'CAISER', '12-12-2012', 'GAROUA', 'F', 'bessong', 'bessong', 'administratif', '697526320');
INSERT INTO personne (idpersonne, nom, prenom, datenaiss, lieunaiss, sexe, login, password, statut, numtel) VALUES (41, 'NKANA', 'BOREL', '12-12-2012', '''SA''''A''', 'F', 'nkana', 'nkana', 'administratif', '697526318');
INSERT INTO personne (idpersonne, nom, prenom, datenaiss, lieunaiss, sexe, login, password, statut, numtel) VALUES (42, 'TCHIENDA', 'JOHNY', '12-12-2012', 'OBALA', 'M', 'tchienda', 'tchienda', 'administratif', '697526318');
INSERT INTO personne (idpersonne, nom, prenom, datenaiss, lieunaiss, sexe, login, password, statut, numtel) VALUES (43, 'MBANDA', 'CAISER', '12-12-2012', 'NGAMBE', 'M', 'mbanda', 'mbanda', 'administratif', '677526322');
INSERT INTO personne (idpersonne, nom, prenom, datenaiss, lieunaiss, sexe, login, password, statut, numtel) VALUES (44, 'ABANDA', 'WOLFGANG', '12-12-2012', 'DOUALA', 'M', 'abanda', 'abanda', 'administratif', '677526330');
INSERT INTO personne (idpersonne, nom, prenom, datenaiss, lieunaiss, sexe, login, password, statut, numtel) VALUES (45, 'OKALA', 'MARUS', '12-12-2012', 'MONATELE', 'M', 'okala', 'okala', 'administratif', '697526328');
INSERT INTO personne (idpersonne, nom, prenom, datenaiss, lieunaiss, sexe, login, password, statut, numtel) VALUES (46, 'TCHIENDA', '12-12-2012', 'LUDOVIC', 'MBALLA IV', 'M', 'tchienda', 'tchienda', 'administratif', '697526331');
INSERT INTO personne (idpersonne, nom, prenom, datenaiss, lieunaiss, sexe, login, password, statut, numtel) VALUES (47, 'FEUTCHEU', 'CAISER', '12-12-2012', '''SA''''A''', 'M', 'feutcheu', 'feutcheu', 'administratif', '677526329');
INSERT INTO personne (idpersonne, nom, prenom, datenaiss, lieunaiss, sexe, login, password, statut, numtel) VALUES (48, 'MBARGA', 'GISLAIN', '12-12-2012', 'OBALA', 'M', 'mbarga', 'mbarga', 'administratif', '677526315');
INSERT INTO personne (idpersonne, nom, prenom, datenaiss, lieunaiss, sexe, login, password, statut, numtel) VALUES (49, 'BIYA', 'ACHILE', '12-12-2012', 'GALIM', 'M', 'biya', 'biya', 'administratif', '697526320');
INSERT INTO personne (idpersonne, nom, prenom, datenaiss, lieunaiss, sexe, login, password, statut, numtel) VALUES (50, 'OUMAROU', 'SYDNEY', '12-12-2012', 'MBALLA IV', 'M', 'oumarou', 'oumarou', 'etudiant', '697526331');
INSERT INTO personne (idpersonne, nom, prenom, datenaiss, lieunaiss, sexe, login, password, statut, numtel) VALUES (51, 'ABOUDI', 'ADIEL', '12-12-2012', 'GAROUA', 'F', 'aboudi', 'aboudi', 'etudiant', '697526331');
INSERT INTO personne (idpersonne, nom, prenom, datenaiss, lieunaiss, sexe, login, password, statut, numtel) VALUES (52, 'TALA', 'AURELIEN', '12-12-2012', '''SA''''A''', 'M', 'tala', 'tala', 'etudiant', '677526330');
INSERT INTO personne (idpersonne, nom, prenom, datenaiss, lieunaiss, sexe, login, password, statut, numtel) VALUES (53, 'TCHATA', 'PIUS', '12-12-2012', 'EBEBDA', 'M', 'tchata', 'tchata', 'etudiant', '697526328');
INSERT INTO personne (idpersonne, nom, prenom, datenaiss, lieunaiss, sexe, login, password, statut, numtel) VALUES (54, 'NKANA', 'BOREL', '12-12-2012', 'EBEBDA', 'F', 'nkana', 'nkana', 'etudiant', '677526330');
INSERT INTO personne (idpersonne, nom, prenom, datenaiss, lieunaiss, sexe, login, password, statut, numtel) VALUES (55, 'MBANDA', 'PIUS', '12-12-2012', 'BAFOUSSAM', 'M', 'mbanda', 'mbanda', 'etudiant', '697526328');
INSERT INTO personne (idpersonne, nom, prenom, datenaiss, lieunaiss, sexe, login, password, statut, numtel) VALUES (56, 'MBARGA', 'SHESTER', '12-12-2012', 'EBEBDA', 'M', 'mbarga', 'mbarga', 'etudiant', '697526331');
INSERT INTO personne (idpersonne, nom, prenom, datenaiss, lieunaiss, sexe, login, password, statut, numtel) VALUES (57, '''ETO''''O''', 'PAUL', '12-12-2012', 'GALIM', 'M', 'eto o', 'eto o', 'etudiant', '697526331');
INSERT INTO personne (idpersonne, nom, prenom, datenaiss, lieunaiss, sexe, login, password, statut, numtel) VALUES (58, 'ABANDA', 'WOLFGANG', '12-12-2012', 'MANDJA', 'M', 'abanda', 'abanda', 'etudiant', '697526321');
INSERT INTO personne (idpersonne, nom, prenom, datenaiss, lieunaiss, sexe, login, password, statut, numtel) VALUES (59, 'KAMGA', 'LEONARD', '12-12-2012', 'KRIBI', 'M', 'kamga', 'kamga', 'etudiant', '667526326');
INSERT INTO personne (idpersonne, nom, prenom, datenaiss, lieunaiss, sexe, login, password, statut, numtel) VALUES (60, 'ABOUDI', 'CAISER', '12-12-2012', 'MANDJA', 'M', 'aboudi', 'aboudi', 'etudiant', '697526323');
INSERT INTO personne (idpersonne, nom, prenom, datenaiss, lieunaiss, sexe, login, password, statut, numtel) VALUES (61, 'OUMAROU', 'WILLIAM', '12-12-2012', 'GALIM', 'M', 'oumarou', 'oumarou', 'etudiant', '677526330');
INSERT INTO personne (idpersonne, nom, prenom, datenaiss, lieunaiss, sexe, login, password, statut, numtel) VALUES (62, 'KAMGA', 'SYDNEY', '12-12-2012', 'EBEBDA', 'M', 'kamga', 'kamga', 'etudiant', '697526325');
INSERT INTO personne (idpersonne, nom, prenom, datenaiss, lieunaiss, sexe, login, password, statut, numtel) VALUES (63, 'LOMO', 'SYDNEY', '12-12-2012', 'OBALA', 'F', 'lomo', 'lomo', 'etudiant', '697526327');
INSERT INTO personne (idpersonne, nom, prenom, datenaiss, lieunaiss, sexe, login, password, statut, numtel) VALUES (64, 'FOTSO', 'ACHILE', '12-12-2012', 'DOUALA', 'M', 'fotso', 'fotso', 'etudiant', '677526315');
INSERT INTO personne (idpersonne, nom, prenom, datenaiss, lieunaiss, sexe, login, password, statut, numtel) VALUES (65, 'TCHATA', 'JOHNY', '12-12-2012', 'NTUI', 'M', 'tchata', 'tchata', 'etudiant', '697526321');
INSERT INTO personne (idpersonne, nom, prenom, datenaiss, lieunaiss, sexe, login, password, statut, numtel) VALUES (66, 'FEUTCHEU', 'PAUL', '12-12-2012', 'BAFOUSSAM', 'M', 'feutcheu', 'feutcheu', 'etudiant', '667526317');
INSERT INTO personne (idpersonne, nom, prenom, datenaiss, lieunaiss, sexe, login, password, statut, numtel) VALUES (67, 'HAMADOU', 'ADIEL', '12-12-2012', 'BUEA', 'F', 'hamadou', 'hamadou', 'etudiant', '677526315');
INSERT INTO personne (idpersonne, nom, prenom, datenaiss, lieunaiss, sexe, login, password, statut, numtel) VALUES (68, 'ABANDA', 'BOREL', '12-12-2012', 'NTUI', 'F', 'abanda', 'abanda', 'etudiant', '697526325');
INSERT INTO personne (idpersonne, nom, prenom, datenaiss, lieunaiss, sexe, login, password, statut, numtel) VALUES (69, 'ABOUDI', 'ADIEL', '12-12-2012', 'EBOLOWA', 'F', 'aboudi', 'aboudi', 'etudiant', '667526313');
INSERT INTO personne (idpersonne, nom, prenom, datenaiss, lieunaiss, sexe, login, password, statut, numtel) VALUES (70, 'FEUTCHEU', 'WILLIAM', '12-12-2012', 'NTUI', 'M', 'oumarou', 'oumarou', 'etudiant', '677526329');
INSERT INTO personne (idpersonne, nom, prenom, datenaiss, lieunaiss, sexe, login, password, statut, numtel) VALUES (71, 'OKALA', 'JOHNY', '12-12-2012', 'NGAMBE', 'M', 'okala', 'okala', 'etudiant', '697526325');
INSERT INTO personne (idpersonne, nom, prenom, datenaiss, lieunaiss, sexe, login, password, statut, numtel) VALUES (72, 'BESSONG', 'ADIEL', '12-12-2012', 'MBOUDA', 'F', 'bessong', 'bessong', 'etudiant', '697526323');
INSERT INTO personne (idpersonne, nom, prenom, datenaiss, lieunaiss, sexe, login, password, statut, numtel) VALUES (73, 'NKE', 'WILLIAM', '01-01-2001', 'KYE-OSSI', 'M', 'nke', 'nke', 'etudiant', '697526325');
INSERT INTO personne (idpersonne, nom, prenom, datenaiss, lieunaiss, sexe, login, password, statut, numtel) VALUES (74, '''ETO''''O''', 'ACHILE', '01-01-2001', 'MBALLA IV', 'M', 'eto o', 'eto o', 'etudiant', '697526331');
INSERT INTO personne (idpersonne, nom, prenom, datenaiss, lieunaiss, sexe, login, password, statut, numtel) VALUES (75, 'TCHATA', 'LEONARD', '01-01-2001', 'EBEBDA', 'M', 'tchata', 'tchata', 'etudiant', '697526331');
INSERT INTO personne (idpersonne, nom, prenom, datenaiss, lieunaiss, sexe, login, password, statut, numtel) VALUES (76, 'FOTSO', 'SHESTER', '01-01-2001', 'GALIM', 'M', 'fotso', 'fotso', 'etudiant', '697526325');
INSERT INTO personne (idpersonne, nom, prenom, datenaiss, lieunaiss, sexe, login, password, statut, numtel) VALUES (77, 'OUMAROU', 'BOREL', '01-01-2001', '''SA''''A''', 'F', 'oumarou', 'oumarou', 'etudiant', '697526328');
INSERT INTO personne (idpersonne, nom, prenom, datenaiss, lieunaiss, sexe, login, password, statut, numtel) VALUES (78, 'BIYA', 'MARUS', '01-01-2001', 'FOTOKOL', 'M', 'biya', 'biya', 'etudiant', '697526327');
INSERT INTO personne (idpersonne, nom, prenom, datenaiss, lieunaiss, sexe, login, password, statut, numtel) VALUES (79, 'NKANA', 'ADIEL', '01-01-2001', 'KYE-OSSI', 'M', 'nkana', 'nkana', 'etudiant', '697526331');
INSERT INTO personne (idpersonne, nom, prenom, datenaiss, lieunaiss, sexe, login, password, statut, numtel) VALUES (80, 'MBARGA', 'MARTIAL', '01-01-2001', 'NGAMBE', 'M', 'mbarga', 'mbarga', 'etudiant', '677526315');
INSERT INTO personne (idpersonne, nom, prenom, datenaiss, lieunaiss, sexe, login, password, statut, numtel) VALUES (81, 'MBANDA', 'ACHILE', '01-01-2001', 'KRIBI', 'M', 'mbanda', 'mbanda', 'etudiant', '697526323');
INSERT INTO personne (idpersonne, nom, prenom, datenaiss, lieunaiss, sexe, login, password, statut, numtel) VALUES (82, 'MBARGA', 'GISLAIN', '01-01-2001', 'GAROUA', 'M', 'mbarga', 'mbarga', 'etudiant', '677526324');
INSERT INTO personne (idpersonne, nom, prenom, datenaiss, lieunaiss, sexe, login, password, statut, numtel) VALUES (83, 'OUMAROU', 'ACHILE', '01-01-2001', '''SA''''A''', 'M', 'oumarou', 'oumarou', 'etudiant', '697526328');
INSERT INTO personne (idpersonne, nom, prenom, datenaiss, lieunaiss, sexe, login, password, statut, numtel) VALUES (84, 'TCHATA', 'MARTIN', '01-01-2001', 'MONATELE', 'M', 'tchata', 'tchata', 'etudiant', '667526313');
INSERT INTO personne (idpersonne, nom, prenom, datenaiss, lieunaiss, sexe, login, password, statut, numtel) VALUES (85, 'OKALA', 'MARUS', '01-01-2001', 'GALIM', 'F', 'okala', 'okala', 'etudiant', '697526316');
INSERT INTO personne (idpersonne, nom, prenom, datenaiss, lieunaiss, sexe, login, password, statut, numtel) VALUES (86, 'TALA', 'SYDNEY', '01-01-2001', 'EBOLOWA', 'F', 'tala', 'tala', 'etudiant', '697526323');
INSERT INTO personne (idpersonne, nom, prenom, datenaiss, lieunaiss, sexe, login, password, statut, numtel) VALUES (87, 'ABOUDI', 'AURELIEN', '01-01-2001', 'MBALLA IV', 'F', 'aboudi', 'aboudi', 'etudiant', '697526316');
INSERT INTO personne (idpersonne, nom, prenom, datenaiss, lieunaiss, sexe, login, password, statut, numtel) VALUES (88, 'TCHIENDA', 'AURELIEN', '01-01-2001', 'MBALLA IV', 'F', 'tchienda', 'tchienda', 'etudiant', '697526312');
INSERT INTO personne (idpersonne, nom, prenom, datenaiss, lieunaiss, sexe, login, password, statut, numtel) VALUES (89, 'TCHIENDA', 'MARTIN', '01-01-2001', 'GAROUA', 'M', 'tchienda', 'tchienda', 'etudiant', '697526325');
INSERT INTO personne (idpersonne, nom, prenom, datenaiss, lieunaiss, sexe, login, password, statut, numtel) VALUES (90, 'BIYA', 'LEONARD', '01-01-2001', 'FOTOKOL', 'M', 'biya', 'biya', 'etudiant', '697526323');
INSERT INTO personne (idpersonne, nom, prenom, datenaiss, lieunaiss, sexe, login, password, statut, numtel) VALUES (91, 'MBARGA', 'WILLIAM', '01-01-2001', 'FOTOKOL', 'M', 'mbarga', 'mbarga', 'etudiant', '677526330');
INSERT INTO personne (idpersonne, nom, prenom, datenaiss, lieunaiss, sexe, login, password, statut, numtel) VALUES (92, 'MBARGA', 'AURELIEN', '01-01-2001', 'KRIBI', 'M', 'mbarga', 'mbarga', 'etudiant', '677526322');
INSERT INTO personne (idpersonne, nom, prenom, datenaiss, lieunaiss, sexe, login, password, statut, numtel) VALUES (93, 'NKANA', 'ADIEL', '01-01-2001', 'OBALA', 'M', 'nkana', 'nkana', 'etudiant', '697526328');
INSERT INTO personne (idpersonne, nom, prenom, datenaiss, lieunaiss, sexe, login, password, statut, numtel) VALUES (94, 'TALA', 'ROVINCE', '01-01-2001', 'GALIM', 'M', 'tala', 'tala', 'etudiant', '697526318');
INSERT INTO personne (idpersonne, nom, prenom, datenaiss, lieunaiss, sexe, login, password, statut, numtel) VALUES (95, 'TCHATOUA', 'JOHNY', '01-01-2001', 'MANDJA', 'M', 'tchatoua', 'tchatoua', 'etudiant', '677526330');
INSERT INTO personne (idpersonne, nom, prenom, datenaiss, lieunaiss, sexe, login, password, statut, numtel) VALUES (96, 'NKE', 'WILLIAM', '01-01-2001', 'BANDJOUN', 'M', 'nke', 'nke', 'etudiant', '697526323');
INSERT INTO personne (idpersonne, nom, prenom, datenaiss, lieunaiss, sexe, login, password, statut, numtel) VALUES (97, 'FEUTCHEU', 'ROVINCE', '01-01-2001', 'BAFOUSSAM', 'M', 'feutcheu', 'feutcheu', 'etudiant', '697526316');
INSERT INTO personne (idpersonne, nom, prenom, datenaiss, lieunaiss, sexe, login, password, statut, numtel) VALUES (98, 'LOMO', 'SHESTER', '01-01-2001', 'MAROUA', 'M', 'lomo', 'lomo', 'etudiant', '677526315');
INSERT INTO personne (idpersonne, nom, prenom, datenaiss, lieunaiss, sexe, login, password, statut, numtel) VALUES (99, 'KAMGA', 'MARTIN', '01-01-2001', 'DOUALA', 'M', 'kamga', 'kamga', 'etudiant', '677526314');
INSERT INTO personne (idpersonne, nom, prenom, datenaiss, lieunaiss, sexe, login, password, statut, numtel) VALUES (100, 'BESSONG', 'BOREL', '01-01-2001', 'MAROUA', 'F', 'bessong', 'bessong', 'etudiant', '667526317');
INSERT INTO personne (idpersonne, nom, prenom, datenaiss, lieunaiss, sexe, login, password, statut, numtel) VALUES (101, 'KAMGA', 'AURELIEN', '01-01-2001', 'MONATELE', 'F', 'kamga', 'kamga', 'etudiant', '677526324');
INSERT INTO personne (idpersonne, nom, prenom, datenaiss, lieunaiss, sexe, login, password, statut, numtel) VALUES (102, 'OUMAROU', 'GISLAIN', '01-01-2001', 'EBEBDA', 'M', 'oumarou', 'oumarou', 'etudiant', '677526330');
INSERT INTO personne (idpersonne, nom, prenom, datenaiss, lieunaiss, sexe, login, password, statut, numtel) VALUES (103, 'LOMO', 'AURELIEN', '01-01-2001', 'GALIM', 'F', 'lomo', 'lomo', 'etudiant', '677526314');
INSERT INTO personne (idpersonne, nom, prenom, datenaiss, lieunaiss, sexe, login, password, statut, numtel) VALUES (104, 'NKE', 'AURELIEN', '01-01-2001', 'EBOLOWA', 'F', 'nke', 'nke', 'etudiant', '667526317');
INSERT INTO personne (idpersonne, nom, prenom, datenaiss, lieunaiss, sexe, login, password, statut, numtel) VALUES (105, 'BESSONG', 'ROVINCE', '01-01-2001', 'MANDJA', 'F', 'bessong', 'bessong', 'etudiant', '677526330');
INSERT INTO personne (idpersonne, nom, prenom, datenaiss, lieunaiss, sexe, login, password, statut, numtel) VALUES (106, 'MBANDA', 'SYDNEY', '01-01-2001', 'KRIBI', 'M', 'mbanda', 'mbanda', 'etudiant', '697526323');
INSERT INTO personne (idpersonne, nom, prenom, datenaiss, lieunaiss, sexe, login, password, statut, numtel) VALUES (107, 'MBANDA', 'LEONARD', '01-01-2001', 'BUEA', 'M', 'mbanda', 'mbanda', 'etudiant', '697526325');
INSERT INTO personne (idpersonne, nom, prenom, datenaiss, lieunaiss, sexe, login, password, statut, numtel) VALUES (108, 'LOMO', 'SHESTER', '01-01-2001', 'BANDJOUN', 'M', 'lomo', 'lomo', 'etudiant', '697526331');
INSERT INTO personne (idpersonne, nom, prenom, datenaiss, lieunaiss, sexe, login, password, statut, numtel) VALUES (109, 'OUMAROU', 'PAUL', '01-01-2001', 'NGAMBE', 'M', 'oumarou', 'oumarou', 'etudiant', '697526318');
INSERT INTO personne (idpersonne, nom, prenom, datenaiss, lieunaiss, sexe, login, password, statut, numtel) VALUES (110, 'TCHATOUA', 'PIUS', '01-01-2001', 'OBALA', 'F', 'tchatoua', 'tchatoua', 'etudiant', '677526322');
INSERT INTO personne (idpersonne, nom, prenom, datenaiss, lieunaiss, sexe, login, password, statut, numtel) VALUES (111, 'FOTSO', 'ROVINCE', '01-01-2001', 'MBOUDA', 'M', 'fotso', 'fotso', 'etudiant', '697526331');
INSERT INTO personne (idpersonne, nom, prenom, datenaiss, lieunaiss, sexe, login, password, statut, numtel) VALUES (112, 'NKE', 'LAURENT', '01-01-2001', '''SA''''A''', 'M', 'nke', 'nke', 'etudiant', '697526331');
INSERT INTO personne (idpersonne, nom, prenom, datenaiss, lieunaiss, sexe, login, password, statut, numtel) VALUES (113, 'TCHIENDA', 'JOHNY', '01-01-2001', 'EBEBDA', 'M', 'tchienda', 'tchienda', 'etudiant', '677526329');
INSERT INTO personne (idpersonne, nom, prenom, datenaiss, lieunaiss, sexe, login, password, statut, numtel) VALUES (114, 'MBARGA', 'MARTIN', '01-01-2001', 'BUEA', 'M', 'mbarga', 'mbarga', 'etudiant', '677526314');
INSERT INTO personne (idpersonne, nom, prenom, datenaiss, lieunaiss, sexe, login, password, statut, numtel) VALUES (115, 'NKANA', 'WILLIAM', '01-01-2001', 'DOUALA', 'M', 'nkana', 'nkana', 'etudiant', '697526316');
INSERT INTO personne (idpersonne, nom, prenom, datenaiss, lieunaiss, sexe, login, password, statut, numtel) VALUES (116, 'FOTSO', 'MARTIAL', '01-01-2001', '''SA''''A''', 'M', 'fotso', 'fotso', 'etudiant', '697526312');
INSERT INTO personne (idpersonne, nom, prenom, datenaiss, lieunaiss, sexe, login, password, statut, numtel) VALUES (117, 'MOTTO', 'SERGE', NULL, NULL, 'M', 'motto', 'motto', 'enseignant', '655555432');
INSERT INTO personne (idpersonne, nom, prenom, datenaiss, lieunaiss, sexe, login, password, statut, numtel) VALUES (118, 'TSOPZE', 'NORBERT', NULL, NULL, 'M', 'tsopze', 'tsopze', 'jury', '655555432');
INSERT INTO personne (idpersonne, nom, prenom, datenaiss, lieunaiss, sexe, login, password, statut, numtel) VALUES (119, 'KIMBI', NULL, NULL, NULL, 'F', 'kimbi', 'kimbi', 'enseignant', '655555432');


INSERT INTO administrateur (idadmin, login, password) VALUES (1, 'admin1', 'admin1');
INSERT INTO administrateur (idadmin, login, password) VALUES (2, 'admin2', 'admin2');

INSERT INTO administratif (idadministatif, idpersonne) VALUES (1, 5);
INSERT INTO administratif (idadministatif, idpersonne) VALUES (2, 6);


INSERT INTO etudiant (matricule, idpersonne) VALUES ('12Y080', 1);
INSERT INTO etudiant (matricule, idpersonne) VALUES ('11U0049', 2);
INSERT INTO etudiant (matricule, idpersonne) VALUES ('12U0001', 70);
INSERT INTO etudiant (matricule, idpersonne) VALUES ('11U0002', 71);
INSERT INTO etudiant (matricule, idpersonne) VALUES ('12U0003', 72);
INSERT INTO etudiant (matricule, idpersonne) VALUES ('11U0004', 73);
INSERT INTO etudiant (matricule, idpersonne) VALUES ('11U0005', 74);
INSERT INTO etudiant (matricule, idpersonne) VALUES ('11U0006', 75);
INSERT INTO etudiant (matricule, idpersonne) VALUES ('11U0007', 76);
INSERT INTO etudiant (matricule, idpersonne) VALUES ('11U0008', 77);
INSERT INTO etudiant (matricule, idpersonne) VALUES ('13U0009', 78);
INSERT INTO etudiant (matricule, idpersonne) VALUES ('11U0010', 79);
INSERT INTO etudiant (matricule, idpersonne) VALUES ('13U0011', 80);
INSERT INTO etudiant (matricule, idpersonne) VALUES ('13U0012', 81);
INSERT INTO etudiant (matricule, idpersonne) VALUES ('13U0013', 82);
INSERT INTO etudiant (matricule, idpersonne) VALUES ('11U0014', 69);
INSERT INTO etudiant (matricule, idpersonne) VALUES ('13U0015', 83);
INSERT INTO etudiant (matricule, idpersonne) VALUES ('14U0016', 84);
INSERT INTO etudiant (matricule, idpersonne) VALUES ('14U0017', 85);
INSERT INTO etudiant (matricule, idpersonne) VALUES ('13U0018', 86);
INSERT INTO etudiant (matricule, idpersonne) VALUES ('14U0019', 87);
INSERT INTO etudiant (matricule, idpersonne) VALUES ('15U0020', 88);
INSERT INTO etudiant (matricule, idpersonne) VALUES ('15U0021', 89);
INSERT INTO etudiant (matricule, idpersonne) VALUES ('14U0022', 90);
INSERT INTO etudiant (matricule, idpersonne) VALUES ('14U0023', 91);
INSERT INTO etudiant (matricule, idpersonne) VALUES ('11U0024', 92);
INSERT INTO etudiant (matricule, idpersonne) VALUES ('11U0025', 93);
INSERT INTO etudiant (matricule, idpersonne) VALUES ('11U0026', 94);
INSERT INTO etudiant (matricule, idpersonne) VALUES ('11U0027', 95);
INSERT INTO etudiant (matricule, idpersonne) VALUES ('11U0028', 96);
INSERT INTO etudiant (matricule, idpersonne) VALUES ('12U0030', 97);
INSERT INTO etudiant (matricule, idpersonne) VALUES ('12U0029', 98);
INSERT INTO etudiant (matricule, idpersonne) VALUES ('12U0031', 99);
INSERT INTO etudiant (matricule, idpersonne) VALUES ('12U0032', 100);
INSERT INTO etudiant (matricule, idpersonne) VALUES ('12U0033', 101);
INSERT INTO etudiant (matricule, idpersonne) VALUES ('12U0034', 102);
INSERT INTO etudiant (matricule, idpersonne) VALUES ('12U0035', 103);
INSERT INTO etudiant (matricule, idpersonne) VALUES ('13U0036', 104);
INSERT INTO etudiant (matricule, idpersonne) VALUES ('13U0037', 105);
INSERT INTO etudiant (matricule, idpersonne) VALUES ('13U0038', 106);
INSERT INTO etudiant (matricule, idpersonne) VALUES ('11U0011', 107);
INSERT INTO etudiant (matricule, idpersonne) VALUES ('14U0018', 108);
INSERT INTO etudiant (matricule, idpersonne) VALUES ('13U0010', 109);

INSERT INTO departement (iddepartement, code, libelle) VALUES (1, 'info', 'informatique');
INSERT INTO departement (iddepartement, code, libelle) VALUES (2, 'maths', 'mathematiques');


INSERT INTO enseignant (matricule, idpersonne, iddepartement, grade, specialite) VALUES ('ens1234', 3, 1, 'assistant', 'systeme d exploitation');
INSERT INTO enseignant (matricule, idpersonne, iddepartement, grade, specialite) VALUES ('ens2134', 4, 1, 'assistant', 'genie logiciel');
INSERT INTO enseignant (matricule, idpersonne, iddepartement, grade, specialite) VALUES ('ens1111', 5, 1, 'professeur', 'genie logiciel');
INSERT INTO enseignant (matricule, idpersonne, iddepartement, grade, specialite) VALUES ('ens2222', 6, 1, 'professeur', 'probabilite');
INSERT INTO enseignant (matricule, idpersonne, iddepartement, grade, specialite) VALUES ('ens1122', 9, 2, 'charge de cours', 'statistique');
INSERT INTO enseignant (matricule, idpersonne, iddepartement, grade, specialite) VALUES ('ens3215', 13, 1, 'professeur', 'automate');
INSERT INTO enseignant (matricule, idpersonne, iddepartement, grade, specialite) VALUES ('ens3451', 14, 1, 'charge de cours', 'base de donnees');
INSERT INTO enseignant (matricule, idpersonne, iddepartement, grade, specialite) VALUES ('ens5412', 15, 2, 'charge de cours', 'algebre');
INSERT INTO enseignant (matricule, idpersonne, iddepartement, grade, specialite) VALUES ('ens2345', 16, 2, 'charge de cours', 'analyse');
INSERT INTO enseignant (matricule, idpersonne, iddepartement, grade, specialite) VALUES ('ens3232', 117, 1, 'charge de cours', 'mathematique discret');
INSERT INTO enseignant (matricule, idpersonne, iddepartement, grade, specialite) VALUES ('ens4545', 118, 1, 'charge de cours', 'architecture');
INSERT INTO enseignant (matricule, idpersonne, iddepartement, grade, specialite) VALUES ('ens8080', 119, 1, 'charge de cours', 'reseau');

INSERT INTO annee_academique (annee, etat) VALUES ('2015-2016', 'en_cours');
INSERT INTO annee_academique (annee, etat) VALUES ('2014-2015', 'annee_passee');


INSERT INTO niveau (niveau, cycle) VALUES ('L1', 'Licence');
INSERT INTO niveau (niveau, cycle) VALUES ('L2', 'Licence');
INSERT INTO niveau (niveau, cycle) VALUES ('L3', 'Licence');
INSERT INTO niveau (niveau, cycle) VALUES ('M1', 'Master');
INSERT INTO niveau (niveau, cycle) VALUES ('M2', 'Master');

INSERT INTO filiere (idfiliere, iddepartement, code, libelle) VALUES (1, 2, 'maths', 'mathematiques');
INSERT INTO filiere (idfiliere, iddepartement, code, libelle) VALUES (2, 1, 'info', 'informatique');

INSERT INTO semestre (idsemestre, annee, semestre) VALUES (1, '2015-2016', 'S1');
INSERT INTO semestre (idsemestre, annee, semestre) VALUES (2, '2015-2016', 'S2');
INSERT INTO semestre (idsemestre, annee, semestre) VALUES (3, '2015-2016', 'S3');
INSERT INTO semestre (idsemestre, annee, semestre) VALUES (4, '2015-2016', 'S4');

INSERT INTO ue (code, idsemestre, libelle) VALUES ('info101', 1, 'base de donnee1 SI');
INSERT INTO ue (code, idsemestre, libelle) VALUES ('info102', 2, 'algorithmique');
INSERT INTO ue (code, idsemestre, libelle) VALUES ('info103', 1, 'reseau1 systeme d exploitation');
INSERT INTO ue (code, idsemestre, libelle) VALUES ('info201', 1, 'conception oriente objet1');
INSERT INTO ue (code, idsemestre, libelle) VALUES ('info202', 2, 'base de donnees2 SI2');
INSERT INTO ue (code, idsemestre, libelle) VALUES ('info301', 2, 'genie logiciel1');
INSERT INTO ue (code, idsemestre, libelle) VALUES ('info302', 2, 'logique1 programmation logique');
INSERT INTO ue (code, idsemestre, libelle) VALUES ('info303', 1, 'systeme d exploitation1,reseau');
INSERT INTO ue (code, idsemestre, libelle) VALUES ('info401', 1, 'systeme d exploitation avance1');
INSERT INTO ue (code, idsemestre, libelle) VALUES ('info402', 2, 'architacture2');
INSERT INTO ue (code, idsemestre, libelle) VALUES ('info403', 1, 'reseau avance1');
INSERT INTO ue (code, idsemestre, libelle) VALUES ('info501', 1, 'reseau avance2');
INSERT INTO ue (code, idsemestre, libelle) VALUES ('info502', 2, 'architacture2 avance');
INSERT INTO ue (code, idsemestre, libelle) VALUES ('maths113', 1, 'analyse1');
INSERT INTO ue (code, idsemestre, libelle) VALUES ('maths111', 1, 'algebre1');
INSERT INTO ue (code, idsemestre, libelle) VALUES ('maths211', 1, 'analyse2');
INSERT INTO ue (code, idsemestre, libelle) VALUES ('maths202', 1, 'algebre2');
INSERT INTO ue (code, idsemestre, libelle) VALUES ('maths203', 1, 'statistique1');
INSERT INTO ue (code, idsemestre, libelle) VALUES ('maths303', 1, 'algebre3');
INSERT INTO ue (code, idsemestre, libelle) VALUES ('maths302', 1, 'topologie');
INSERT INTO ue (code, idsemestre, libelle) VALUES ('maths402', 1, 'statistique2');
INSERT INTO ue (code, idsemestre, libelle) VALUES ('maths403', 1, 'topologie2');
INSERT INTO ue (code, idsemestre, libelle) VALUES ('maths501', 1, 'algebre4');
INSERT INTO ue (code, idsemestre, libelle) VALUES ('maths503', 1, 'probabilite');
INSERT INTO ue (code, idsemestre, libelle) VALUES ('maths502', 1, 'analyse3');

INSERT INTO matiere (idmatiere, code, libelle) VALUES (1, 'inf1010', 'Bases de donnees');
INSERT INTO matiere (idmatiere, code, libelle) VALUES (2, 'inf1011', 'systeme d information');
INSERT INTO matiere (idmatiere, code, libelle) VALUES (3, 'inf102', 'algorithmique');
INSERT INTO matiere (idmatiere, code, libelle) VALUES (4, 'inf1030', 'reseau');
INSERT INTO matiere (idmatiere, code, libelle) VALUES (5, 'inf1031', 'systeme d exploitation');
INSERT INTO matiere (idmatiere, code, libelle) VALUES (6, 'inf201', 'conception oriente objet');
INSERT INTO matiere (idmatiere, code, libelle) VALUES (7, 'inf2021', 'Bases de donnees2');
INSERT INTO matiere (idmatiere, code, libelle) VALUES (8, 'inf2022', 'systeme d information');
INSERT INTO matiere (idmatiere, code, libelle) VALUES (9, 'inf301', 'genie logiciel');
INSERT INTO matiere (idmatiere, code, libelle) VALUES (10, 'inf3021', 'logique');
INSERT INTO matiere (idmatiere, code, libelle) VALUES (11, 'inf3031', 'reseau');
INSERT INTO matiere (idmatiere, code, libelle) VALUES (12, 'inf3032', 'systeme d exploitation');
INSERT INTO matiere (idmatiere, code, libelle) VALUES (13, 'inf3022', 'programmation logique');
INSERT INTO matiere (idmatiere, code, libelle) VALUES (14, 'inf401', 'systeme d exploitation avance');
INSERT INTO matiere (idmatiere, code, libelle) VALUES (15, 'inf402', 'architecture');
INSERT INTO matiere (idmatiere, code, libelle) VALUES (16, 'inf403', 'reseau avance');
INSERT INTO matiere (idmatiere, code, libelle) VALUES (17, 'inf501', 'reseau avance2');
INSERT INTO matiere (idmatiere, code, libelle) VALUES (18, 'inf502', 'architecture avance2');
INSERT INTO matiere (idmatiere, code, libelle) VALUES (19, 'inf3022', 'programmation logique');
INSERT INTO matiere (idmatiere, code, libelle) VALUES (20, 'math113', 'analyse1');
INSERT INTO matiere (idmatiere, code, libelle) VALUES (21, 'math111', 'algebre1');
INSERT INTO matiere (idmatiere, code, libelle) VALUES (22, 'math211', 'analyse2');
INSERT INTO matiere (idmatiere, code, libelle) VALUES (23, 'math202', 'algebre2');
INSERT INTO matiere (idmatiere, code, libelle) VALUES (24, 'math203', 'statistique1');
INSERT INTO matiere (idmatiere, code, libelle) VALUES (25, 'math303', 'algebre3');
INSERT INTO matiere (idmatiere, code, libelle) VALUES (26, 'math302', 'topologie1');
INSERT INTO matiere (idmatiere, code, libelle) VALUES (27, 'math402', 'statistique2');
INSERT INTO matiere (idmatiere, code, libelle) VALUES (28, 'math403', 'topologie2');
INSERT INTO matiere (idmatiere, code, libelle) VALUES (29, 'math501', 'algebre4');
INSERT INTO matiere (idmatiere, code, libelle) VALUES (30, 'math502', 'analyse3');
INSERT INTO matiere (idmatiere, code, libelle) VALUES (31, 'math503', 'probabilite avance');


INSERT INTO inscription (idinscription, idmatiere, matricule, annee) VALUES (1, 14, '11U0049', '2015-2016');
INSERT INTO inscription (idinscription, idmatiere, matricule, annee) VALUES (2, 15, '11U0049', '2015-2016');
INSERT INTO inscription (idinscription, idmatiere, matricule, annee) VALUES (3, 16, '11U0049', '2015-2016');
INSERT INTO inscription (idinscription, idmatiere, matricule, annee) VALUES (4, 14, '12Y080', '2015-2016');
INSERT INTO inscription (idinscription, idmatiere, matricule, annee) VALUES (5, 15, '12Y080', '2015-2016');
INSERT INTO inscription (idinscription, idmatiere, matricule, annee) VALUES (6, 16, '12Y080', '2015-2016');
INSERT INTO inscription (idinscription, idmatiere, matricule, annee) VALUES (7, 14, '12U0001', '2015-2016');
INSERT INTO inscription (idinscription, idmatiere, matricule, annee) VALUES (8, 15, '12U0001', '2015-2016');
INSERT INTO inscription (idinscription, idmatiere, matricule, annee) VALUES (9, 16, '12U0001', '2015-2016');
INSERT INTO inscription (idinscription, idmatiere, matricule, annee) VALUES (10, 14, '11U0002', '2015-2016');
INSERT INTO inscription (idinscription, idmatiere, matricule, annee) VALUES (11, 15, '11U0002', '2015-2016');
INSERT INTO inscription (idinscription, idmatiere, matricule, annee) VALUES (12, 16, '11U0002', '2015-2016');
INSERT INTO inscription (idinscription, idmatiere, matricule, annee) VALUES (13, 14, '12U0003', '2015-2016');
INSERT INTO inscription (idinscription, idmatiere, matricule, annee) VALUES (14, 15, '12U0003', '2015-2016');
INSERT INTO inscription (idinscription, idmatiere, matricule, annee) VALUES (15, 16, '12U0003', '2015-2016');
INSERT INTO inscription (idinscription, idmatiere, matricule, annee) VALUES (16, 17, '11U0004', '2015-2016');
INSERT INTO inscription (idinscription, idmatiere, matricule, annee) VALUES (17, 18, '11U0004','2015-2016');
INSERT INTO inscription (idinscription, idmatiere, matricule, annee) VALUES (18, 17, '11U0005', '2015-2016');
INSERT INTO inscription (idinscription, idmatiere, matricule, annee) VALUES (19, 18, '11U0005', '2015-2016');
INSERT INTO inscription (idinscription, idmatiere, matricule, annee) VALUES (20, 17, '11U0006', '2015-2016');
INSERT INTO inscription (idinscription, idmatiere, matricule, annee) VALUES (21, 18, '11U0006', '2015-2016');
INSERT INTO inscription (idinscription, idmatiere, matricule, annee) VALUES (22, 17, '11U0007', '2015-2016');
INSERT INTO inscription (idinscription, idmatiere, matricule, annee) VALUES (23, 18, '11U0007', '2015-2016');
INSERT INTO inscription (idinscription, idmatiere, matricule, annee) VALUES (24, 17, '11U0008', '2015-2016');
INSERT INTO inscription (idinscription, idmatiere, matricule, annee) VALUES (25, 18, '11U0008', '2015-2016');
INSERT INTO inscription (idinscription, idmatiere, matricule, annee) VALUES (26, 9, '13U0009', '2015-2016');
INSERT INTO inscription (idinscription, idmatiere, matricule, annee) VALUES (27, 10, '13U0009', '2015-2016');
INSERT INTO inscription (idinscription, idmatiere, matricule, annee) VALUES (28, 11, '13U0009', '2015-2016');
INSERT INTO inscription (idinscription, idmatiere, matricule, annee) VALUES (29, 12, '13U0009', '2015-2016');
INSERT INTO inscription (idinscription, idmatiere, matricule, annee) VALUES (30, 13, '13U0009', '2015-2016');
INSERT INTO inscription (idinscription, idmatiere, matricule, annee) VALUES (31, 9, '11U0010', '2015-2016');
INSERT INTO inscription (idinscription, idmatiere, matricule, annee) VALUES (32, 10, '11U0010', '2015-2016');
INSERT INTO inscription (idinscription, idmatiere, matricule, annee) VALUES (33, 11, '11U0010', '2015-2016');
INSERT INTO inscription (idinscription, idmatiere, matricule, annee) VALUES (34, 12, '11U0010', '2015-2016');
INSERT INTO inscription (idinscription, idmatiere, matricule, annee) VALUES (35, 13, '11U0010', '2015-2016');
INSERT INTO inscription (idinscription, idmatiere, matricule, annee) VALUES (36, 9, '11U0011', '2015-2016');
INSERT INTO inscription (idinscription, idmatiere, matricule, annee) VALUES (37, 10, '11U0011', '2015-2016');
INSERT INTO inscription (idinscription, idmatiere, matricule, annee) VALUES (38, 11, '11U0011', '2015-2016');
INSERT INTO inscription (idinscription, idmatiere, matricule, annee) VALUES (39, 12, '11U0011', '2015-2016');
INSERT INTO inscription (idinscription, idmatiere, matricule, annee) VALUES (40, 13, '11U0011', '2015-2016');
INSERT INTO inscription (idinscription, idmatiere, matricule, annee) VALUES (41, 9, '13U0012', '2015-2016');
INSERT INTO inscription (idinscription, idmatiere, matricule, annee) VALUES (42, 10, '13U0012', '2015-2016');
INSERT INTO inscription (idinscription, idmatiere, matricule, annee) VALUES (43, 11, '13U0012', '2015-2016');
INSERT INTO inscription (idinscription, idmatiere, matricule, annee) VALUES (44, 12, '13U0012', '2015-2016');
INSERT INTO inscription (idinscription, idmatiere, matricule, annee) VALUES (45, 13, '13U0012', '2015-2016');
INSERT INTO inscription (idinscription, idmatiere, matricule, annee) VALUES (46, 9, '13U0013', '2015-2016');
INSERT INTO inscription (idinscription, idmatiere, matricule, annee) VALUES (47, 10, '13U0013', '2015-2016');
INSERT INTO inscription (idinscription, idmatiere, matricule, annee) VALUES (48, 11, '13U0013', '2015-2016');
INSERT INTO inscription (idinscription, idmatiere, matricule, annee) VALUES (49, 12, '13U0013', '2015-2016');
INSERT INTO inscription (idinscription, idmatiere, matricule, annee) VALUES (50, 13, '13U0013', '2015-2016');
INSERT INTO inscription (idinscription, idmatiere, matricule, annee) VALUES (51, 6, '11U0014', '2015-2016');
INSERT INTO inscription (idinscription, idmatiere, matricule, annee) VALUES (52, 7, '11U0014', '2015-2016');
INSERT INTO inscription (idinscription, idmatiere, matricule, annee) VALUES (53, 8, '11U0014', '2015-2016');
INSERT INTO inscription (idinscription, idmatiere, matricule, annee) VALUES (54, 6, '13U0015', '2015-2016');
INSERT INTO inscription (idinscription, idmatiere, matricule, annee) VALUES (55, 7, '13U0015', '2015-2016');
INSERT INTO inscription (idinscription, idmatiere, matricule, annee) VALUES (56, 8, '13U0015', '2015-2016');
INSERT INTO inscription (idinscription, idmatiere, matricule, annee) VALUES (57, 6, '14U0016', '2015-2016');
INSERT INTO inscription (idinscription, idmatiere, matricule, annee) VALUES (58, 7, '14U0016', '2015-2016');
INSERT INTO inscription (idinscription, idmatiere, matricule, annee) VALUES (59, 8, '14U0016', '2015-2016');
INSERT INTO inscription (idinscription, idmatiere, matricule, annee) VALUES (60, 6, '14U0017', '2015-2016');
INSERT INTO inscription (idinscription, idmatiere, matricule, annee) VALUES (61, 7, '14U0017', '2015-2016');
INSERT INTO inscription (idinscription, idmatiere, matricule, annee) VALUES (62, 8, '14U0017', '2015-2016');
INSERT INTO inscription (idinscription, idmatiere, matricule, annee) VALUES (63, 6, '13U0018', '2015-2016');
INSERT INTO inscription (idinscription, idmatiere, matricule, annee) VALUES (64, 7, '13U0018', '2015-2016');
INSERT INTO inscription (idinscription, idmatiere, matricule, annee) VALUES (65, 8, '13U0018', '2015-2016');
INSERT INTO inscription (idinscription, idmatiere, matricule, annee) VALUES (66, 1, '14U0019', '2015-2016');
INSERT INTO inscription (idinscription, idmatiere, matricule, annee) VALUES (67, 2, '14U0019', '2015-2016');
INSERT INTO inscription (idinscription, idmatiere, matricule, annee) VALUES (68, 3, '14U0019', '2015-2016');
INSERT INTO inscription (idinscription, idmatiere, matricule, annee) VALUES (69, 4, '14U0019', '2015-2016');
INSERT INTO inscription (idinscription, idmatiere, matricule, annee) VALUES (70, 5, '14U0019', '2015-2016');
INSERT INTO inscription (idinscription, idmatiere, matricule, annee) VALUES (71, 1, '15U0020', '2015-2016');
INSERT INTO inscription (idinscription, idmatiere, matricule, annee) VALUES (72, 2, '15U0020', '2015-2016');
INSERT INTO inscription (idinscription, idmatiere, matricule, annee) VALUES (73, 3, '15U0020', '2015-2016');
INSERT INTO inscription (idinscription, idmatiere, matricule, annee) VALUES (74, 4, '15U0020', '2015-2016');
INSERT INTO inscription (idinscription, idmatiere, matricule, annee) VALUES (75, 5, '15U0020', '2015-2016');
INSERT INTO inscription (idinscription, idmatiere, matricule, annee) VALUES (76, 1, '15U0021', '2015-2016');
INSERT INTO inscription (idinscription, idmatiere, matricule, annee) VALUES (77, 2, '15U0021', '2015-2016');
INSERT INTO inscription (idinscription, idmatiere, matricule, annee) VALUES (78, 3, '15U0021', '2015-2016');
INSERT INTO inscription (idinscription, idmatiere, matricule, annee) VALUES (79, 4, '15U0021', '2015-2016');
INSERT INTO inscription (idinscription, idmatiere, matricule, annee) VALUES (80, 5, '15U0021', '2015-2016');
INSERT INTO inscription (idinscription, idmatiere, matricule, annee) VALUES (81, 1, '14U0022', '2015-2016');
INSERT INTO inscription (idinscription, idmatiere, matricule, annee) VALUES (82, 2, '14U0022', '2015-2016');
INSERT INTO inscription (idinscription, idmatiere, matricule, annee) VALUES (83, 3, '14U0022', '2015-2016');
INSERT INTO inscription (idinscription, idmatiere, matricule, annee) VALUES (84, 4, '14U0022', '2015-2016');
INSERT INTO inscription (idinscription, idmatiere, matricule, annee) VALUES (85, 5, '14U0022', '2015-2016');
INSERT INTO inscription (idinscription, idmatiere, matricule, annee) VALUES (86, 1, '14U0023', '2015-2016');
INSERT INTO inscription (idinscription, idmatiere, matricule, annee) VALUES (87, 2, '14U0023', '2015-2016');
INSERT INTO inscription (idinscription, idmatiere, matricule, annee) VALUES (88, 3, '14U0023', '2015-2016');
INSERT INTO inscription (idinscription, idmatiere, matricule, annee) VALUES (89, 4, '14U0023', '2015-2016');
INSERT INTO inscription (idinscription, idmatiere, matricule, annee) VALUES (90, 5, '14U0023', '2015-2016');
INSERT INTO inscription (idinscription, idmatiere, matricule, annee) VALUES (91, 29, '11U0024', '2015-2016');
INSERT INTO inscription (idinscription, idmatiere, matricule, annee) VALUES (92, 30, '11U0024', '2015-2016');
INSERT INTO inscription (idinscription, idmatiere, matricule, annee) VALUES (93, 31, '11U0024', '2015-2016');
INSERT INTO inscription (idinscription, idmatiere, matricule, annee) VALUES (94, 29, '11U0025', '2015-2016');
INSERT INTO inscription (idinscription, idmatiere, matricule, annee) VALUES (95, 30, '11U0025', '2015-2016');
INSERT INTO inscription (idinscription, idmatiere, matricule, annee) VALUES (96, 31, '11U0025', '2015-2016');
INSERT INTO inscription (idinscription, idmatiere, matricule, annee) VALUES (97, 29, '11U0026', '2015-2016');
INSERT INTO inscription (idinscription, idmatiere, matricule, annee) VALUES (98, 30, '11U0026', '2015-2016');
INSERT INTO inscription (idinscription, idmatiere, matricule, annee) VALUES (99, 31, '11U0026', '2015-2016');
INSERT INTO inscription (idinscription, idmatiere, matricule, annee) VALUES (100, 29, '11U0027', '2015-2016');
INSERT INTO inscription (idinscription, idmatiere, matricule, annee) VALUES (101, 30, '11U0027', '2015-2016');
INSERT INTO inscription (idinscription, idmatiere, matricule, annee) VALUES (102, 31, '11U0027', '2015-2016');
INSERT INTO inscription (idinscription, idmatiere, matricule, annee) VALUES (103, 29, '11U0028', '2015-2016');
INSERT INTO inscription (idinscription, idmatiere, matricule, annee) VALUES (104, 30, '11U0028', '2015-2016');
INSERT INTO inscription (idinscription, idmatiere, matricule, annee) VALUES (105, 31, '11U0028', '2015-2016');
INSERT INTO inscription (idinscription, idmatiere, matricule, annee) VALUES (106, 27, '12U0030', '2015-2016');
INSERT INTO inscription (idinscription, idmatiere, matricule, annee) VALUES (107, 28, '12U0030', '2015-2016');
INSERT INTO inscription (idinscription, idmatiere, matricule, annee) VALUES (108, 27, '12U0029', '2015-2016');
INSERT INTO inscription (idinscription, idmatiere, matricule, annee) VALUES (109, 28, '12U0029', '2015-2016');
INSERT INTO inscription (idinscription, idmatiere, matricule, annee) VALUES (110, 27, '12U0031', '2015-2016');
INSERT INTO inscription (idinscription, idmatiere, matricule, annee) VALUES (111, 28, '12U0031', '2015-2016');
INSERT INTO inscription (idinscription, idmatiere, matricule, annee) VALUES (112, 27, '12U0032', '2015-2016');
INSERT INTO inscription (idinscription, idmatiere, matricule, annee) VALUES (113, 28, '12U0032', '2015-2016');
INSERT INTO inscription (idinscription, idmatiere, matricule, annee) VALUES (114, 27, '12U0033', '2015-2016');
INSERT INTO inscription (idinscription, idmatiere, matricule, annee) VALUES (115, 28, '12U0033', '2015-2016');
INSERT INTO inscription (idinscription, idmatiere, matricule, annee) VALUES (116, 25, '12U0034', '2015-2016');
INSERT INTO inscription (idinscription, idmatiere, matricule, annee) VALUES (117, 26, '12U0034', '2015-2016');
INSERT INTO inscription (idinscription, idmatiere, matricule, annee) VALUES (118, 25, '12U0035', '2015-2016');
INSERT INTO inscription (idinscription, idmatiere, matricule, annee) VALUES (119, 26, '12U0035', '2015-2016');
INSERT INTO inscription (idinscription, idmatiere, matricule, annee) VALUES (120, 25, '13U0036', '2015-2016');
INSERT INTO inscription (idinscription, idmatiere, matricule, annee) VALUES (121, 26, '13U0036', '2015-2016');
INSERT INTO inscription (idinscription, idmatiere, matricule, annee) VALUES (122, 25, '13U0037', '2015-2016');
INSERT INTO inscription (idinscription, idmatiere, matricule, annee) VALUES (123, 26, '13U0037', '2015-2016');
INSERT INTO inscription (idinscription, idmatiere, matricule, annee) VALUES (124, 25, '13U0038', '2015-2016');
INSERT INTO inscription (idinscription, idmatiere, matricule, annee) VALUES (125, 26, '13U0038', '2015-2016');

INSERT INTO droit (iddroit, idadmin, nom) VALUES (1, 1, 'modifier, consulte note');
INSERT INTO droit (iddroit, idadmin, nom) VALUES (2, 1, 'connecte');
INSERT INTO droit (iddroit, idadmin, nom) VALUES (3, 2, 'supprimer note');
INSERT INTO droit (iddroit, idadmin, nom) VALUES (4, 2, 'consulte, imprimer note');
INSERT INTO droit (iddroit, idadmin, nom) VALUES (5, 1, 'recevoir requete, notification');
INSERT INTO droit (iddroit, idadmin, nom) VALUES (6, 1, 'publier PV');
INSERT INTO droit (iddroit, idadmin, nom) VALUES (7, 2, 'proceder au deliberation');


INSERT INTO role (idrole, idadmin, role) VALUES (1, 1, 'etudiant');
INSERT INTO role (idrole, idadmin, role) VALUES (2, 2, 'etudiant');
INSERT INTO role (idrole, idadmin, role) VALUES (3, 2, 'enseignant');
INSERT INTO role (idrole, idadmin, role) VALUES (4, 2, 'president jury');
INSERT INTO role (idrole, idadmin, role) VALUES (5, 2, 'enseignant, president jury');
INSERT INTO role (idrole, idadmin, role) VALUES (6, 1, 'chef departement');
INSERT INTO role (idrole, idadmin, role) VALUES (7, 2, 'president jury, enseignant');

INSERT INTO etablir_droit (idetablirdroit, matricule, idadministatif, iddroit, datedeb, datefin) VALUES (1, 'ens1111', 1, 2, '01-01-2015', '01-01-2016');
INSERT INTO etablir_droit (idetablirdroit, matricule, idadministatif, iddroit, datedeb, datefin) VALUES (2, 'ens1111', 1, 3, '01-01-2015', '01-01-2016');
INSERT INTO etablir_droit (idetablirdroit, matricule, idadministatif, iddroit, datedeb, datefin) VALUES (6, 'ens1111', 1, 5, '01-01-2015', '01-01-2016');
INSERT INTO etablir_droit (idetablirdroit, matricule, idadministatif, iddroit, datedeb, datefin) VALUES (7, 'ens1111', 1, 6, '01-01-2015', '01-01-2016');
INSERT INTO etablir_droit (idetablirdroit, matricule, idadministatif, iddroit, datedeb, datefin) VALUES (8, 'ens2222', 1, 1, '01-01-2015', '01-01-2016');
INSERT INTO etablir_droit (idetablirdroit, matricule, idadministatif, iddroit, datedeb, datefin) VALUES (9, 'ens2222', 1, 2, '01-01-2015', '01-01-2016');
INSERT INTO etablir_droit (idetablirdroit, matricule, idadministatif, iddroit, datedeb, datefin) VALUES (10, 'ens2222', 1, 3, '01-01-2015', '01-01-2016');
INSERT INTO etablir_droit (idetablirdroit, matricule, idadministatif, iddroit, datedeb, datefin) VALUES (11, 'ens2222', 1, 5, '01-01-2015', '01-01-2016');
INSERT INTO etablir_droit (idetablirdroit, matricule, idadministatif, iddroit, datedeb, datefin) VALUES (12, 'ens3451', 2, 2, '01-01-2015', '01-01-2016');
INSERT INTO etablir_droit (idetablirdroit, matricule, idadministatif, iddroit, datedeb, datefin) VALUES (13, 'ens3451', 2, 4, '01-01-2015', '01-01-2016');
INSERT INTO etablir_droit (idetablirdroit, matricule, idadministatif, iddroit, datedeb, datefin) VALUES (14, 'ens5412', 2, 2, '01-01-2015', '01-01-2016');
INSERT INTO etablir_droit (idetablirdroit, matricule, idadministatif, iddroit, datedeb, datefin) VALUES (15, 'ens5412', 2, 1, '01-01-2015', '01-01-2016');
INSERT INTO etablir_droit (idetablirdroit, matricule, idadministatif, iddroit, datedeb, datefin) VALUES (16, 'ens5412', 2, 4, '01-01-2015', '01-01-2016');
INSERT INTO etablir_droit (idetablirdroit, matricule, idadministatif, iddroit, datedeb, datefin) VALUES (17, 'ens2345', 2, 2, '01-01-2015', '01-01-2016');
INSERT INTO etablir_droit (idetablirdroit, matricule, idadministatif, iddroit, datedeb, datefin) VALUES (18, 'ens2345', 2, 4, '01-01-2015', '01-01-2016');
INSERT INTO etablir_droit (idetablirdroit, matricule, idadministatif, iddroit, datedeb, datefin) VALUES (19, 'ens2345', 2, 1, '01-01-2015', '01-01-2016');
INSERT INTO etablir_droit (idetablirdroit, matricule, idadministatif, iddroit, datedeb, datefin) VALUES (20, 'ens1122', 2, 2, '01-01-2015', '01-01-2016');
INSERT INTO etablir_droit (idetablirdroit, matricule, idadministatif, iddroit, datedeb, datefin) VALUES (21, 'ens1122', 2, 1, '01-01-2015', '01-01-2016');
INSERT INTO etablir_droit (idetablirdroit, matricule, idadministatif, iddroit, datedeb, datefin) VALUES (22, 'ens1122', 2, 4, '01-01-2015', '01-01-2016');


INSERT INTO appartenirdroit (iddroit, idrole) VALUES (1, 3);
INSERT INTO appartenirdroit (iddroit, idrole) VALUES (1, 4);
INSERT INTO appartenirdroit (iddroit, idrole) VALUES (2, 1);
INSERT INTO appartenirdroit (iddroit, idrole) VALUES (2, 3);
INSERT INTO appartenirdroit (iddroit, idrole) VALUES (2, 4);
INSERT INTO appartenirdroit (iddroit, idrole) VALUES (2, 5);
INSERT INTO appartenirdroit (iddroit, idrole) VALUES (3, 3);
INSERT INTO appartenirdroit (iddroit, idrole) VALUES (3, 4);
INSERT INTO appartenirdroit (iddroit, idrole) VALUES (4, 1);
INSERT INTO appartenirdroit (iddroit, idrole) VALUES (4, 2);
INSERT INTO appartenirdroit (iddroit, idrole) VALUES (5, 3);
INSERT INTO appartenirdroit (iddroit, idrole) VALUES (5, 4);
INSERT INTO appartenirdroit (iddroit, idrole) VALUES (5, 5);
INSERT INTO appartenirdroit (iddroit, idrole) VALUES (6, 4);
INSERT INTO appartenirdroit (iddroit, idrole) VALUES (7, 4);

INSERT INTO requete (idrequete, matricule, objet, date_requete, etat, idmatiere, contenu, typerequete) VALUES (6, '13U0012', 'attribution de note', '21-06-2016', 'traite', 10, NULL, NULL);
INSERT INTO requete (idrequete, matricule, objet, date_requete, etat, idmatiere, contenu, typerequete) VALUES (7, '12U0001', 'modification de note', '22-06-2016', 'en_cours', 16, NULL, NULL);
INSERT INTO requete (idrequete, matricule, objet, date_requete, etat, idmatiere, contenu, typerequete) VALUES (1, '12Y080', 'modification de note', '12-06-2016', 'en_cours', 14, NULL, NULL);
INSERT INTO requete (idrequete, matricule, objet, date_requete, etat, idmatiere, contenu, typerequete) VALUES (2, '11U0049', 'attribution de note', '20-06-2016', 'traite', 14, NULL, NULL);
INSERT INTO requete (idrequete, matricule, objet, date_requete, etat, idmatiere, contenu, typerequete) VALUES (3, '12Y080', 'non publication de note', '13-06-2016', 'en_cours', 16, NULL, NULL);
INSERT INTO requete (idrequete, matricule, objet, date_requete, etat, idmatiere, contenu, typerequete) VALUES (4, '11U0049', 'eurreur de nom', '20-05-2016', 'traite', 16, NULL, NULL);
INSERT INTO requete (idrequete, matricule, objet, date_requete, etat, idmatiere, contenu, typerequete) VALUES (5, '12Y080', 'demande rattrapage de CC', '02-06-2016', 'en_cours', 15, NULL, NULL);
INSERT INTO requete (idrequete, matricule, objet, date_requete, etat, idmatiere, contenu, typerequete) VALUES (8, '11U0011', 'attribution de note', '10-06-2016', 'traite', 15, NULL, NULL);

INSERT INTO enseignant_chef_departement (idenseignantchefdepartement, matricule, iddepartement, annee) VALUES (1, 'ens1111', 1, '2015-2016');
INSERT INTO enseignant_chef_departement (idenseignantchefdepartement, matricule, iddepartement, annee) VALUES (2, 'ens2222', 1, '2015-2016');


INSERT INTO classe (idclasse, idfiliere, niveau, nom) VALUES (1, 1, 'L1', 'maths_L1');
INSERT INTO classe (idclasse, idfiliere, niveau, nom) VALUES (2, 1, 'L2', 'maths_L2');
INSERT INTO classe (idclasse, idfiliere, niveau, nom) VALUES (3, 1, 'L3', 'maths_L3');
INSERT INTO classe (idclasse, idfiliere, niveau, nom) VALUES (4, 1, 'M1', 'maths_M1');
INSERT INTO classe (idclasse, idfiliere, niveau, nom) VALUES (5, 1, 'M2', 'maths_M2');
INSERT INTO classe (idclasse, idfiliere, niveau, nom) VALUES (6, 2, 'L1', 'info_L1');
INSERT INTO classe (idclasse, idfiliere, niveau, nom) VALUES (7, 2, 'L2', 'info_L2');
INSERT INTO classe (idclasse, idfiliere, niveau, nom) VALUES (8, 2, 'L3', 'info_L3');
INSERT INTO classe (idclasse, idfiliere, niveau, nom) VALUES (9, 2, 'M1', 'info_M1');
INSERT INTO classe (idclasse, idfiliere, niveau, nom) VALUES (10, 2, 'M2', 'info_M2');

INSERT INTO enseignant_classe_jury (idenseignantclassejury, idclasse, matricule, annee) VALUES (1, 6, 'ens3232', '2015-2016');
INSERT INTO enseignant_classe_jury (idenseignantclassejury, idclasse, matricule, annee) VALUES (2, 7, 'ens3215', '2015-2016');
INSERT INTO enseignant_classe_jury (idenseignantclassejury, idclasse, matricule, annee) VALUES (3, 8, 'ens8080', '2015-2016');
INSERT INTO enseignant_classe_jury (idenseignantclassejury, idclasse, matricule, annee) VALUES (4, 9, 'ens4545', '2015-2016');
INSERT INTO enseignant_classe_jury (idenseignantclassejury, idclasse, matricule, annee) VALUES (5, 1, 'ens1111', '2015-2016');



INSERT INTO etudiant_classe (idetudiantclasse, matricule, idclasse, annee) VALUES (1, '11U0049', 9, '2015-2016');
INSERT INTO etudiant_classe (idetudiantclasse, matricule, idclasse, annee) VALUES (2, '12Y080', 9, '2015-2016');
INSERT INTO etudiant_classe (idetudiantclasse, matricule, idclasse, annee) VALUES (3, '12U0001', 9, '2015-2016');
INSERT INTO etudiant_classe (idetudiantclasse, matricule, idclasse, annee) VALUES (4, '11U0002', 9, '2015-2016');
INSERT INTO etudiant_classe (idetudiantclasse, matricule, idclasse, annee) VALUES (5, '12U0003', 9, '2015-2016');
INSERT INTO etudiant_classe (idetudiantclasse, matricule, idclasse, annee) VALUES (6, '11U0006', 10, '2015-2016');
INSERT INTO etudiant_classe (idetudiantclasse, matricule, idclasse, annee) VALUES (7, '11U0005', 10, '2015-2016');
INSERT INTO etudiant_classe (idetudiantclasse, matricule, idclasse, annee) VALUES (8, '11U0004', 10, '2015-2016');
INSERT INTO etudiant_classe (idetudiantclasse, matricule, idclasse, annee) VALUES (9, '11U0007', 10, '2015-2016');
INSERT INTO etudiant_classe (idetudiantclasse, matricule, idclasse, annee) VALUES (10, '11U0008', 10, '2015-2016');
INSERT INTO etudiant_classe (idetudiantclasse, matricule, idclasse, annee) VALUES (11, '13U0009', 8, '2015-2016');
INSERT INTO etudiant_classe (idetudiantclasse, matricule, idclasse, annee) VALUES (12, '11U0011', 8, '2015-2016');
INSERT INTO etudiant_classe (idetudiantclasse, matricule, idclasse, annee) VALUES (13, '11U0010', 8, '2015-2016');
INSERT INTO etudiant_classe (idetudiantclasse, matricule, idclasse, annee) VALUES (14, '13U0013', 8, '2015-2016');
INSERT INTO etudiant_classe (idetudiantclasse, matricule, idclasse, annee) VALUES (15, '13U0012', 8, '2015-2016');
INSERT INTO etudiant_classe (idetudiantclasse, matricule, idclasse, annee) VALUES (16, '13U0015', 7, '2015-2016');
INSERT INTO etudiant_classe (idetudiantclasse, matricule, idclasse, annee) VALUES (17, '11U0014', 7, '2015-2016');
INSERT INTO etudiant_classe (idetudiantclasse, matricule, idclasse, annee) VALUES (18, '14U0016', 7, '2015-2016');
INSERT INTO etudiant_classe (idetudiantclasse, matricule, idclasse, annee) VALUES (19, '14U0017', 7, '2015-2016');
INSERT INTO etudiant_classe (idetudiantclasse, matricule, idclasse, annee) VALUES (20, '13U0018', 7, '2015-2016');
INSERT INTO etudiant_classe (idetudiantclasse, matricule, idclasse, annee) VALUES (21, '14U0019', 6, '2015-2016');
INSERT INTO etudiant_classe (idetudiantclasse, matricule, idclasse, annee) VALUES (22, '15U0020', 6, '2015-2016');
INSERT INTO etudiant_classe (idetudiantclasse, matricule, idclasse, annee) VALUES (23, '15U0021', 6, '2015-2016');
INSERT INTO etudiant_classe (idetudiantclasse, matricule, idclasse, annee) VALUES (24, '14U0022', 6, '2015-2016');
INSERT INTO etudiant_classe (idetudiantclasse, matricule, idclasse, annee) VALUES (25, '14U0023', 6, '2015-2016');
INSERT INTO etudiant_classe (idetudiantclasse, matricule, idclasse, annee) VALUES (26, '11U0024', 5, '2015-2016');
INSERT INTO etudiant_classe (idetudiantclasse, matricule, idclasse, annee) VALUES (27, '11U0025', 5, '2015-2016');
INSERT INTO etudiant_classe (idetudiantclasse, matricule, idclasse, annee) VALUES (28, '11U0026', 5, '2015-2016');
INSERT INTO etudiant_classe (idetudiantclasse, matricule, idclasse, annee) VALUES (29, '11U0027', 5, '2015-2016');
INSERT INTO etudiant_classe (idetudiantclasse, matricule, idclasse, annee) VALUES (30, '11U0028', 5, '2015-2016');
INSERT INTO etudiant_classe (idetudiantclasse, matricule, idclasse, annee) VALUES (31, '12U0030', 4, '2015-2016');
INSERT INTO etudiant_classe (idetudiantclasse, matricule, idclasse, annee) VALUES (32, '12U0031', 4, '2015-2016');
INSERT INTO etudiant_classe (idetudiantclasse, matricule, idclasse, annee) VALUES (33, '12U0032', 4, '2015-2016');
INSERT INTO etudiant_classe (idetudiantclasse, matricule, idclasse, annee) VALUES (34, '12U0033', 4, '2015-2016');
INSERT INTO etudiant_classe (idetudiantclasse, matricule, idclasse, annee) VALUES (35, '12U0029', 4, '2015-2016');
INSERT INTO etudiant_classe (idetudiantclasse, matricule, idclasse, annee) VALUES (36, '12U0034', 3, '2015-2016');
INSERT INTO etudiant_classe (idetudiantclasse, matricule, idclasse, annee) VALUES (37, '12U0035', 3, '2015-2016');
INSERT INTO etudiant_classe (idetudiantclasse, matricule, idclasse, annee) VALUES (38, '13U0036', 3, '2015-2016');
INSERT INTO etudiant_classe (idetudiantclasse, matricule, idclasse, annee) VALUES (39, '13U0037', 3, '2015-2016');
INSERT INTO etudiant_classe (idetudiantclasse, matricule, idclasse, annee) VALUES (40, '13U0038', 3, '2015-2016');


INSERT INTO examen (idexamen, date_exam, type_exam) VALUES (1, '10-01-2016', 'normale');
INSERT INTO examen (idexamen, date_exam, type_exam) VALUES (2, '10-02-2016', 'rattrapage');
INSERT INTO examen (idexamen, date_exam, type_exam) VALUES (3, '12-12-2015', 'cc');
INSERT INTO examen (idexamen, date_exam, type_exam) VALUES (4, '05-05-2016', 'cc');
INSERT INTO examen (idexamen, date_exam, type_exam) VALUES (5, '18-06-2016', 'normale');
INSERT INTO examen (idexamen, date_exam, type_exam) VALUES (6, '05-07-2016', 'rattrapage');
INSERT INTO examen (idexamen, date_exam, type_exam) VALUES (7, '05-07-2016', 'tp');

INSERT INTO matiere_exam (idmatiereexam, idmatiere, idexamen, annee, pourcentage) VALUES (1, 1, 1, '2015-2016', 50);
INSERT INTO matiere_exam (idmatiereexam, idmatiere, idexamen, annee, pourcentage) VALUES (2, 1, 2, '2015-2016', 50);
INSERT INTO matiere_exam (idmatiereexam, idmatiere, idexamen, annee, pourcentage) VALUES (3, 1, 3, '2015-2016', 20);
INSERT INTO matiere_exam (idmatiereexam, idmatiere, idexamen, annee, pourcentage) VALUES (4, 1, 7, '2015-2016', 30);
INSERT INTO matiere_exam (idmatiereexam, idmatiere, idexamen, annee, pourcentage) VALUES (5, 2, 4, '2015-2016', 30);
INSERT INTO matiere_exam (idmatiereexam, idmatiere, idexamen, annee, pourcentage) VALUES (6, 2, 5, '2015-2016', 70);
INSERT INTO matiere_exam (idmatiereexam, idmatiere, idexamen, annee, pourcentage) VALUES (7, 2, 6, '2015-2016', 70);
INSERT INTO matiere_exam (idmatiereexam, idmatiere, idexamen, annee, pourcentage) VALUES (8, 3, 1, '2015-2016', 70);
INSERT INTO matiere_exam (idmatiereexam, idmatiere, idexamen, annee, pourcentage) VALUES (9, 3, 2, '2015-2016', 70);
INSERT INTO matiere_exam (idmatiereexam, idmatiere, idexamen, annee, pourcentage) VALUES (10, 3, 3, '2015-2016', 30);
INSERT INTO matiere_exam (idmatiereexam, idmatiere, idexamen, annee, pourcentage) VALUES (11, 4, 4, '2015-2016', 30);
INSERT INTO matiere_exam (idmatiereexam, idmatiere, idexamen, annee, pourcentage) VALUES (12, 4, 5, '2015-2016', 70);
INSERT INTO matiere_exam (idmatiereexam, idmatiere, idexamen, annee, pourcentage) VALUES (13, 4, 6, '2015-2016', 70);
INSERT INTO matiere_exam (idmatiereexam, idmatiere, idexamen, annee, pourcentage) VALUES (14, 5, 1, '2015-2016', 70);
INSERT INTO matiere_exam (idmatiereexam, idmatiere, idexamen, annee, pourcentage) VALUES (15, 5, 2, '2015-2016', 70);
INSERT INTO matiere_exam (idmatiereexam, idmatiere, idexamen, annee, pourcentage) VALUES (16, 5, 3, '2015-2016', 30);
INSERT INTO matiere_exam (idmatiereexam, idmatiere, idexamen, annee, pourcentage) VALUES (17, 6, 4, '2015-2016', 30);
INSERT INTO matiere_exam (idmatiereexam, idmatiere, idexamen, annee, pourcentage) VALUES (18, 6, 5, '2015-2016', 70);
INSERT INTO matiere_exam (idmatiereexam, idmatiere, idexamen, annee, pourcentage) VALUES (19, 6, 6, '2015-2016', 70);
INSERT INTO matiere_exam (idmatiereexam, idmatiere, idexamen, annee, pourcentage) VALUES (20, 7, 1, '2015-2016', 50);
INSERT INTO matiere_exam (idmatiereexam, idmatiere, idexamen, annee, pourcentage) VALUES (21, 7, 2, '2015-2016', 50);
INSERT INTO matiere_exam (idmatiereexam, idmatiere, idexamen, annee, pourcentage) VALUES (22, 7, 3, '2015-2016', 20);
INSERT INTO matiere_exam (idmatiereexam, idmatiere, idexamen, annee, pourcentage) VALUES (23, 7, 7, '2015-2016', 30);
INSERT INTO matiere_exam (idmatiereexam, idmatiere, idexamen, annee, pourcentage) VALUES (24, 8, 4, '2015-2016', 30);
INSERT INTO matiere_exam (idmatiereexam, idmatiere, idexamen, annee, pourcentage) VALUES (25, 8, 5, '2015-2016', 70);
INSERT INTO matiere_exam (idmatiereexam, idmatiere, idexamen, annee, pourcentage) VALUES (26, 8, 6, '2015-2016', 70);
INSERT INTO matiere_exam (idmatiereexam, idmatiere, idexamen, annee, pourcentage) VALUES (27, 9, 1, '2015-2016', 70);
INSERT INTO matiere_exam (idmatiereexam, idmatiere, idexamen, annee, pourcentage) VALUES (28, 9, 2, '2015-2016', 70);
INSERT INTO matiere_exam (idmatiereexam, idmatiere, idexamen, annee, pourcentage) VALUES (29, 9, 3, '2015-2016', 30);
INSERT INTO matiere_exam (idmatiereexam, idmatiere, idexamen, annee, pourcentage) VALUES (30, 10, 4, '2015-2016', 30);
INSERT INTO matiere_exam (idmatiereexam, idmatiere, idexamen, annee, pourcentage) VALUES (31, 10, 5, '2015-2016', 70);
INSERT INTO matiere_exam (idmatiereexam, idmatiere, idexamen, annee, pourcentage) VALUES (32, 10, 6, '2015-2016', 70);
INSERT INTO matiere_exam (idmatiereexam, idmatiere, idexamen, annee, pourcentage) VALUES (33, 11, 1, '2015-2016', 70);
INSERT INTO matiere_exam (idmatiereexam, idmatiere, idexamen, annee, pourcentage) VALUES (34, 11, 2, '2015-2016', 70);
INSERT INTO matiere_exam (idmatiereexam, idmatiere, idexamen, annee, pourcentage) VALUES (35, 11, 3, '2015-2016', 30);
INSERT INTO matiere_exam (idmatiereexam, idmatiere, idexamen, annee, pourcentage) VALUES (36, 12, 4, '2015-2016', 30);
INSERT INTO matiere_exam (idmatiereexam, idmatiere, idexamen, annee, pourcentage) VALUES (37, 12, 5, '2015-2016', 70);
INSERT INTO matiere_exam (idmatiereexam, idmatiere, idexamen, annee, pourcentage) VALUES (38, 12, 6, '2015-2016', 70);
INSERT INTO matiere_exam (idmatiereexam, idmatiere, idexamen, annee, pourcentage) VALUES (39, 13, 1, '2015-2016', 50);
INSERT INTO matiere_exam (idmatiereexam, idmatiere, idexamen, annee, pourcentage) VALUES (40, 13, 2, '2015-2016', 50);
INSERT INTO matiere_exam (idmatiereexam, idmatiere, idexamen, annee, pourcentage) VALUES (41, 13, 3, '2015-2016', 20);
INSERT INTO matiere_exam (idmatiereexam, idmatiere, idexamen, annee, pourcentage) VALUES (42, 13, 7, '2015-2016', 30);
INSERT INTO matiere_exam (idmatiereexam, idmatiere, idexamen, annee, pourcentage) VALUES (43, 14, 4, '2015-2016', 30);
INSERT INTO matiere_exam (idmatiereexam, idmatiere, idexamen, annee, pourcentage) VALUES (44, 14, 5, '2015-2016', 70);
INSERT INTO matiere_exam (idmatiereexam, idmatiere, idexamen, annee, pourcentage) VALUES (45, 14, 6, '2015-2016', 70);
INSERT INTO matiere_exam (idmatiereexam, idmatiere, idexamen, annee, pourcentage) VALUES (46, 15, 1, '2015-2016', 70);
INSERT INTO matiere_exam (idmatiereexam, idmatiere, idexamen, annee, pourcentage) VALUES (47, 15, 2, '2015-2016', 70);
INSERT INTO matiere_exam (idmatiereexam, idmatiere, idexamen, annee, pourcentage) VALUES (48, 15, 3, '2015-2016', 30);
INSERT INTO matiere_exam (idmatiereexam, idmatiere, idexamen, annee, pourcentage) VALUES (49, 16, 4, '2015-2016', 30);
INSERT INTO matiere_exam (idmatiereexam, idmatiere, idexamen, annee, pourcentage) VALUES (50, 16, 5, '2015-2016', 70);
INSERT INTO matiere_exam (idmatiereexam, idmatiere, idexamen, annee, pourcentage) VALUES (55, 16, 6, '2015-2016', 70);
INSERT INTO matiere_exam (idmatiereexam, idmatiere, idexamen, annee, pourcentage) VALUES (56, 17, 1, '2015-2016', 70);
INSERT INTO matiere_exam (idmatiereexam, idmatiere, idexamen, annee, pourcentage) VALUES (57, 17, 2, '2015-2016', 70);
INSERT INTO matiere_exam (idmatiereexam, idmatiere, idexamen, annee, pourcentage) VALUES (58, 17, 3, '2015-2016', 30);
INSERT INTO matiere_exam (idmatiereexam, idmatiere, idexamen, annee, pourcentage) VALUES (59, 18, 4, '2015-2016', 30);
INSERT INTO matiere_exam (idmatiereexam, idmatiere, idexamen, annee, pourcentage) VALUES (60, 18, 5, '2015-2016', 70);
INSERT INTO matiere_exam (idmatiereexam, idmatiere, idexamen, annee, pourcentage) VALUES (61, 18, 6, '2015-2016', 70);
INSERT INTO matiere_exam (idmatiereexam, idmatiere, idexamen, annee, pourcentage) VALUES (62, 19, 1, '2015-2016', 50);
INSERT INTO matiere_exam (idmatiereexam, idmatiere, idexamen, annee, pourcentage) VALUES (63, 19, 2, '2015-2016', 50);
INSERT INTO matiere_exam (idmatiereexam, idmatiere, idexamen, annee, pourcentage) VALUES (64, 19, 3, '2015-2016', 20);
INSERT INTO matiere_exam (idmatiereexam, idmatiere, idexamen, annee, pourcentage) VALUES (65, 19, 7, '2015-2016', 30);
INSERT INTO matiere_exam (idmatiereexam, idmatiere, idexamen, annee, pourcentage) VALUES (66, 20, 4, '2015-2016', 30);
INSERT INTO matiere_exam (idmatiereexam, idmatiere, idexamen, annee, pourcentage) VALUES (67, 20, 5, '2015-2016', 70);
INSERT INTO matiere_exam (idmatiereexam, idmatiere, idexamen, annee, pourcentage) VALUES (68, 20, 6, '2015-2016', 70);
INSERT INTO matiere_exam (idmatiereexam, idmatiere, idexamen, annee, pourcentage) VALUES (69, 21, 1, '2015-2016', 70);
INSERT INTO matiere_exam (idmatiereexam, idmatiere, idexamen, annee, pourcentage) VALUES (70, 21, 2, '2015-2016', 70);
INSERT INTO matiere_exam (idmatiereexam, idmatiere, idexamen, annee, pourcentage) VALUES (71, 21, 3, '2015-2016', 30);
INSERT INTO matiere_exam (idmatiereexam, idmatiere, idexamen, annee, pourcentage) VALUES (72, 22, 4, '2015-2016', 30);
INSERT INTO matiere_exam (idmatiereexam, idmatiere, idexamen, annee, pourcentage) VALUES (73, 22, 5, '2015-2016', 70);
INSERT INTO matiere_exam (idmatiereexam, idmatiere, idexamen, annee, pourcentage) VALUES (74, 22, 6, '2015-2016', 70);
INSERT INTO matiere_exam (idmatiereexam, idmatiere, idexamen, annee, pourcentage) VALUES (75, 23, 1, '2015-2016', 70);
INSERT INTO matiere_exam (idmatiereexam, idmatiere, idexamen, annee, pourcentage) VALUES (76, 23, 2, '2015-2016', 70);
INSERT INTO matiere_exam (idmatiereexam, idmatiere, idexamen, annee, pourcentage) VALUES (77, 23, 3, '2015-2016', 30);
INSERT INTO matiere_exam (idmatiereexam, idmatiere, idexamen, annee, pourcentage) VALUES (78, 24, 4, '2015-2016', 30);
INSERT INTO matiere_exam (idmatiereexam, idmatiere, idexamen, annee, pourcentage) VALUES (79, 24, 5, '2015-2016', 70);
INSERT INTO matiere_exam (idmatiereexam, idmatiere, idexamen, annee, pourcentage) VALUES (80, 24, 6, '2015-2016', 70);
INSERT INTO matiere_exam (idmatiereexam, idmatiere, idexamen, annee, pourcentage) VALUES (81, 25, 4, '2015-2016', 30);
INSERT INTO matiere_exam (idmatiereexam, idmatiere, idexamen, annee, pourcentage) VALUES (82, 25, 5, '2015-2016', 70);
INSERT INTO matiere_exam (idmatiereexam, idmatiere, idexamen, annee, pourcentage) VALUES (83, 25, 6, '2015-2016', 70);
INSERT INTO matiere_exam (idmatiereexam, idmatiere, idexamen, annee, pourcentage) VALUES (84, 26, 1, '2015-2016', 70);
INSERT INTO matiere_exam (idmatiereexam, idmatiere, idexamen, annee, pourcentage) VALUES (85, 26, 2, '2015-2016', 70);
INSERT INTO matiere_exam (idmatiereexam, idmatiere, idexamen, annee, pourcentage) VALUES (86, 26, 3, '2015-2016', 30);
INSERT INTO matiere_exam (idmatiereexam, idmatiere, idexamen, annee, pourcentage) VALUES (87, 27, 4, '2015-2016', 30);
INSERT INTO matiere_exam (idmatiereexam, idmatiere, idexamen, annee, pourcentage) VALUES (88, 27, 5, '2015-2016', 70);
INSERT INTO matiere_exam (idmatiereexam, idmatiere, idexamen, annee, pourcentage) VALUES (89, 27, 6, '2015-2016', 70);
INSERT INTO matiere_exam (idmatiereexam, idmatiere, idexamen, annee, pourcentage) VALUES (90, 28, 1, '2015-2016', 70);
INSERT INTO matiere_exam (idmatiereexam, idmatiere, idexamen, annee, pourcentage) VALUES (91, 28, 2, '2015-2016', 70);
INSERT INTO matiere_exam (idmatiereexam, idmatiere, idexamen, annee, pourcentage) VALUES (92, 28, 3, '2015-2016', 30);
INSERT INTO matiere_exam (idmatiereexam, idmatiere, idexamen, annee, pourcentage) VALUES (93, 29, 4, '2015-2016', 30);
INSERT INTO matiere_exam (idmatiereexam, idmatiere, idexamen, annee, pourcentage) VALUES (94, 29, 5, '2015-2016', 70);
INSERT INTO matiere_exam (idmatiereexam, idmatiere, idexamen, annee, pourcentage) VALUES (95, 29, 6, '2015-2016', 70);
INSERT INTO matiere_exam (idmatiereexam, idmatiere, idexamen, annee, pourcentage) VALUES (96, 30, 4, '2015-2016', 30);
INSERT INTO matiere_exam (idmatiereexam, idmatiere, idexamen, annee, pourcentage) VALUES (97, 30, 5, '2015-2016', 70);
INSERT INTO matiere_exam (idmatiereexam, idmatiere, idexamen, annee, pourcentage) VALUES (98, 30, 6, '2015-2016', 70);
INSERT INTO matiere_exam (idmatiereexam, idmatiere, idexamen, annee, pourcentage) VALUES (99, 31, 1, '2015-2016', 70);
INSERT INTO matiere_exam (idmatiereexam, idmatiere, idexamen, annee, pourcentage) VALUES (100, 31, 2, '2015-2016', 70);
INSERT INTO matiere_exam (idmatiereexam, idmatiere, idexamen, annee, pourcentage) VALUES (101, 31, 3, '2015-2016', 30);


INSERT INTO etudiant_exam (idetudiantexam, matricule, note, anonymat, idmatiereexam) VALUES (1, '11U0049', 15, '0000049', 14);
INSERT INTO etudiant_exam (idetudiantexam, matricule, note, anonymat, idmatiereexam) VALUES (2, '11U0049', 15, '0451520', 14);
INSERT INTO etudiant_exam (idetudiantexam, matricule, note, anonymat, idmatiereexam) VALUES (3, '11U0049', 12, '0000009', 15);
INSERT INTO etudiant_exam (idetudiantexam, matricule, note, anonymat, idmatiereexam) VALUES (4, '11U0049', 5, '0850049', 15);
INSERT INTO etudiant_exam (idetudiantexam, matricule, note, anonymat, idmatiereexam) VALUES (5, '11U0049', 15, '0000043', 15);
INSERT INTO etudiant_exam (idetudiantexam, matricule, note, anonymat, idmatiereexam) VALUES (6, '11U0049', 15, '7500049', 16);
INSERT INTO etudiant_exam (idetudiantexam, matricule, note, anonymat, idmatiereexam) VALUES (35, '11U0049', 15, '0451527', 16);
INSERT INTO etudiant_exam (idetudiantexam, matricule, note, anonymat, idmatiereexam) VALUES (7, '12Y080', 15, '04517520', 14);
INSERT INTO etudiant_exam (idetudiantexam, matricule, note, anonymat, idmatiereexam) VALUES (8, '12Y080', 15, '00450049', 14);
INSERT INTO etudiant_exam (idetudiantexam, matricule, note, anonymat, idmatiereexam) VALUES (9, '12Y080', 15, '1451520', 15);
INSERT INTO etudiant_exam (idetudiantexam, matricule, note, anonymat, idmatiereexam) VALUES (10, '12Y080', 14, '0000009', 15);
INSERT INTO etudiant_exam (idetudiantexam, matricule, note, anonymat, idmatiereexam) VALUES (11, '12Y080', 15, '04515285', 16);
INSERT INTO etudiant_exam (idetudiantexam, matricule, note, anonymat, idmatiereexam) VALUES (12, '12Y080', 15, '4551520', 16);
INSERT INTO etudiant_exam (idetudiantexam, matricule, note, anonymat, idmatiereexam) VALUES (15, '12U0001', 11, '0110049', 14);
INSERT INTO etudiant_exam (idetudiantexam, matricule, note, anonymat, idmatiereexam) VALUES (16, '12U0001', 11, ' NULL', 14);
INSERT INTO etudiant_exam (idetudiantexam, matricule, note, anonymat, idmatiereexam) VALUES (17, '12U0001', 17, '07850009', 15);
INSERT INTO etudiant_exam (idetudiantexam, matricule, note, anonymat, idmatiereexam) VALUES (18, '12U0001', 5, '04515752', 15);
INSERT INTO etudiant_exam (idetudiantexam, matricule, note, anonymat, idmatiereexam) VALUES (19, '12U0001', 15, '0451585', 16);
INSERT INTO etudiant_exam (idetudiantexam, matricule, note, anonymat, idmatiereexam) VALUES (20, '12U0001', 15, '00153049', 16);
INSERT INTO etudiant_exam (idetudiantexam, matricule, note, anonymat, idmatiereexam) VALUES (21, '12U0003', 11, '01785249', 14);
INSERT INTO etudiant_exam (idetudiantexam, matricule, note, anonymat, idmatiereexam) VALUES (22, '12U0003', 05, '12458220', 14);
INSERT INTO etudiant_exam (idetudiantexam, matricule, note, anonymat, idmatiereexam) VALUES (23, '12U0003', 17, '5690009', 15);
INSERT INTO etudiant_exam (idetudiantexam, matricule, note, anonymat, idmatiereexam) VALUES (24, '12U0003', 5, '4114862', 15);
INSERT INTO etudiant_exam (idetudiantexam, matricule, note, anonymat, idmatiereexam) VALUES (25, '12U0003', 15, '551520', 16);
INSERT INTO etudiant_exam (idetudiantexam, matricule, note, anonymat, idmatiereexam) VALUES (26, '12U0003', 15, '0075049', 16);
INSERT INTO etudiant_exam (idetudiantexam, matricule, note, anonymat, idmatiereexam) VALUES (27, '12U0003', 13, '01069049', 14);
INSERT INTO etudiant_exam (idetudiantexam, matricule, note, anonymat, idmatiereexam) VALUES (28, '11U0002', 07, '0000152', 14);
INSERT INTO etudiant_exam (idetudiantexam, matricule, note, anonymat, idmatiereexam) VALUES (29, '11U0002', 05, '04542015', 14);
INSERT INTO etudiant_exam (idetudiantexam, matricule, note, anonymat, idmatiereexam) VALUES (30, '11U0002', 10, '0075899', 15);
INSERT INTO etudiant_exam (idetudiantexam, matricule, note, anonymat, idmatiereexam) VALUES (31, '11U0002', 07, '04120364', 15);
INSERT INTO etudiant_exam (idetudiantexam, matricule, note, anonymat, idmatiereexam) VALUES (32, '11U0002', 16, '57505457', 16);
INSERT INTO etudiant_exam (idetudiantexam, matricule, note, anonymat, idmatiereexam) VALUES (33, '11U0002', 15, '565100049', 16);
INSERT INTO etudiant_exam (idetudiantexam, matricule, note, anonymat, idmatiereexam) VALUES (34, '11U0002', 10, '48770049', 14);
INSERT INTO etudiant_exam (idetudiantexam, matricule, note, anonymat, idmatiereexam) VALUES (69, '11U0014', 15, '085632049', 6);
INSERT INTO etudiant_exam (idetudiantexam, matricule, note, anonymat, idmatiereexam) VALUES (36, '11U0014', 15, '87560445', 6);
INSERT INTO etudiant_exam (idetudiantexam, matricule, note, anonymat, idmatiereexam) VALUES (37, '11U0014', 12, '00758409', 7);
INSERT INTO etudiant_exam (idetudiantexam, matricule, note, anonymat, idmatiereexam) VALUES (38, '11U0014', 5, '4588645', 7);
INSERT INTO etudiant_exam (idetudiantexam, matricule, note, anonymat, idmatiereexam) VALUES (39, '11U0014', 15, '1500043', 8);
INSERT INTO etudiant_exam (idetudiantexam, matricule, note, anonymat, idmatiereexam) VALUES (40, '11U0014', 15, '487500049', 8);
INSERT INTO etudiant_exam (idetudiantexam, matricule, note, anonymat, idmatiereexam) VALUES (41, '13U0015', 15, '75000RT1', 6);
INSERT INTO etudiant_exam (idetudiantexam, matricule, note, anonymat, idmatiereexam) VALUES (42, '13U0015', 01, '4542687', 6);
INSERT INTO etudiant_exam (idetudiantexam, matricule, note, anonymat, idmatiereexam) VALUES (43, '13U0015', 10, '045210049', 7);
INSERT INTO etudiant_exam (idetudiantexam, matricule, note, anonymat, idmatiereexam) VALUES (44, '13U0015', 12, '47865240', 7);
INSERT INTO etudiant_exam (idetudiantexam, matricule, note, anonymat, idmatiereexam) VALUES (45, '13U0015', 10, '45210900ft', 6);
INSERT INTO etudiant_exam (idetudiantexam, matricule, note, anonymat, idmatiereexam) VALUES (46, '13U0015', 11, '0t7854009', 8);
INSERT INTO etudiant_exam (idetudiantexam, matricule, note, anonymat, idmatiereexam) VALUES (47, '13U0015', 05, '4578444', 8);
INSERT INTO etudiant_exam (idetudiantexam, matricule, note, anonymat, idmatiereexam) VALUES (48, '14U0016', 05, '0075852', 6);
INSERT INTO etudiant_exam (idetudiantexam, matricule, note, anonymat, idmatiereexam) VALUES (49, '14U0016', 11, '5457511', 6);
INSERT INTO etudiant_exam (idetudiantexam, matricule, note, anonymat, idmatiereexam) VALUES (50, '14U0016', 10, '0001420', 7);
INSERT INTO etudiant_exam (idetudiantexam, matricule, note, anonymat, idmatiereexam) VALUES (51, '14U0016', 12, '4545478', 7);
INSERT INTO etudiant_exam (idetudiantexam, matricule, note, anonymat, idmatiereexam) VALUES (52, '14U0016', 10, '00900ft', 6);
INSERT INTO etudiant_exam (idetudiantexam, matricule, note, anonymat, idmatiereexam) VALUES (53, '14U0016', 11, '0t00009', 8);
INSERT INTO etudiant_exam (idetudiantexam, matricule, note, anonymat, idmatiereexam) VALUES (54, '14U0016', 01, '45841010', 8);
INSERT INTO etudiant_exam (idetudiantexam, matricule, note, anonymat, idmatiereexam) VALUES (55, '14U0016', 16, '0t00009', 8);
INSERT INTO etudiant_exam (idetudiantexam, matricule, note, anonymat, idmatiereexam) VALUES (56, '14U0017', 17, '01201510', 6);
INSERT INTO etudiant_exam (idetudiantexam, matricule, note, anonymat, idmatiereexam) VALUES (57, '14U0017', 15, '54000RT1', 6);
INSERT INTO etudiant_exam (idetudiantexam, matricule, note, anonymat, idmatiereexam) VALUES (58, '14U0017', 11, '45475802', 7);
INSERT INTO etudiant_exam (idetudiantexam, matricule, note, anonymat, idmatiereexam) VALUES (59, '14U0017', 17, '004545049', 7);
INSERT INTO etudiant_exam (idetudiantexam, matricule, note, anonymat, idmatiereexam) VALUES (60, '14U0017', 12, '457075457', 8);
INSERT INTO etudiant_exam (idetudiantexam, matricule, note, anonymat, idmatiereexam) VALUES (61, '14U0017', 18, '7700900ft', 8);
INSERT INTO etudiant_exam (idetudiantexam, matricule, note, anonymat, idmatiereexam) VALUES (62, '14U0018', 15, '0t00009', 8);
INSERT INTO etudiant_exam (idetudiantexam, matricule, note, anonymat, idmatiereexam) VALUES (63, '14U0018', 12, '77777554', 8);
INSERT INTO etudiant_exam (idetudiantexam, matricule, note, anonymat, idmatiereexam) VALUES (64, '14U0018', 15, '0t00009', 6);
INSERT INTO etudiant_exam (idetudiantexam, matricule, note, anonymat, idmatiereexam) VALUES (65, '14U0018', 12, '4578211', 6);
INSERT INTO etudiant_exam (idetudiantexam, matricule, note, anonymat, idmatiereexam) VALUES (67, '14U0018', 15, '0t00009', 7);
INSERT INTO etudiant_exam (idetudiantexam, matricule, note, anonymat, idmatiereexam) VALUES (68, '14U0018', 12, '012154454', 7);

INSERT INTO enseignant_mat (idenseignantmat, idmatiere, matricule, annee) VALUES (1, 1, 'ens3451', '2015-2016');
INSERT INTO enseignant_mat (idenseignantmat, idmatiere, matricule, annee) VALUES (2, 7, 'ens3451', '2015-2016');
INSERT INTO enseignant_mat (idenseignantmat, idmatiere, matricule, annee) VALUES (3, 3, 'ens3215', '2015-2016');
INSERT INTO enseignant_mat (idenseignantmat, idmatiere, matricule, annee) VALUES (4, 2, 'ens1111', '2015-2016');
INSERT INTO enseignant_mat (idenseignantmat, idmatiere, matricule, annee) VALUES (5, 8, 'ens1111', '2015-2016');
INSERT INTO enseignant_mat (idenseignantmat, idmatiere, matricule, annee) VALUES (6, 14, 'ens1234', '2015-2016');
INSERT INTO enseignant_mat (idenseignantmat, idmatiere, matricule, annee) VALUES (7, 12, 'ens2134', '2014-2015');
INSERT INTO enseignant_mat (idenseignantmat, idmatiere, matricule, annee) VALUES (8, 5, 'ens2134', '2014-2015');
INSERT INTO enseignant_mat (idenseignantmat, idmatiere, matricule, annee) VALUES (9, 9, 'ens1111', '2015-2016');


INSERT INTO matiere_ue (idmatiereue, idmatiere, code, annee, credit) VALUES (1, 1, 'info101', '2015-2016', 5);
INSERT INTO matiere_ue (idmatiereue, idmatiere, code, annee, credit) VALUES (2, 2, 'info101', '2015-2016', 5);
INSERT INTO matiere_ue (idmatiereue, idmatiere, code, annee, credit) VALUES (3, 3, 'info102', '2015-2016', 5);
INSERT INTO matiere_ue (idmatiereue, idmatiere, code, annee, credit) VALUES (4, 4, 'info103', '2015-2016', 5);
INSERT INTO matiere_ue (idmatiereue, idmatiere, code, annee, credit) VALUES (5, 5, 'info103', '2015-2016', 5);
INSERT INTO matiere_ue (idmatiereue, idmatiere, code, annee, credit) VALUES (6, 6, 'info201', '2015-2016', 5);
INSERT INTO matiere_ue (idmatiereue, idmatiere, code, annee, credit) VALUES (7, 8, 'info202', '2015-2016', 5);
INSERT INTO matiere_ue (idmatiereue, idmatiere, code, annee, credit) VALUES (8, 7, 'info202', '2015-2016', 5);
INSERT INTO matiere_ue (idmatiereue, idmatiere, code, annee, credit) VALUES (9, 9, 'info301', '2015-2016', 5);
INSERT INTO matiere_ue (idmatiereue, idmatiere, code, annee, credit) VALUES (10, 10, 'info302', '2015-2016', 5);
INSERT INTO matiere_ue (idmatiereue, idmatiere, code, annee, credit) VALUES (11, 13, 'info302', '2015-2016', 5);
INSERT INTO matiere_ue (idmatiereue, idmatiere, code, annee, credit) VALUES (12, 12, 'info303', '2015-2016', 5);
INSERT INTO matiere_ue (idmatiereue, idmatiere, code, annee, credit) VALUES (13, 11, 'info303', '2015-2016', 5);
INSERT INTO matiere_ue (idmatiereue, idmatiere, code, annee, credit) VALUES (14, 14, 'info401', '2015-2016', 5);
INSERT INTO matiere_ue (idmatiereue, idmatiere, code, annee, credit) VALUES (15, 15, 'info402', '2015-2016', 5);
INSERT INTO matiere_ue (idmatiereue, idmatiere, code, annee, credit) VALUES (16, 16, 'info403', '2015-2016', 5);
INSERT INTO matiere_ue (idmatiereue, idmatiere, code, annee, credit) VALUES (17, 17, 'info501', '2015-2016', 5);
INSERT INTO matiere_ue (idmatiereue, idmatiere, code, annee, credit) VALUES (18, 18, 'info502', '2015-2016', 5);
INSERT INTO matiere_ue (idmatiereue, idmatiere, code, annee, credit) VALUES (19, 20, 'maths113', '2015-2016', 6);
INSERT INTO matiere_ue (idmatiereue, idmatiere, code, annee, credit) VALUES (20, 21, 'maths111', '2015-2016', 6);
INSERT INTO matiere_ue (idmatiereue, idmatiere, code, annee, credit) VALUES (21, 22, 'maths211', '2015-2016', 5);
INSERT INTO matiere_ue (idmatiereue, idmatiere, code, annee, credit) VALUES (22, 23, 'maths202', '2015-2016', 6);
INSERT INTO matiere_ue (idmatiereue, idmatiere, code, annee, credit) VALUES (23, 24, 'maths302', '2015-2016', 6);
INSERT INTO matiere_ue (idmatiereue, idmatiere, code, annee, credit) VALUES (24, 25, 'maths303', '2015-2016', 6);
INSERT INTO matiere_ue (idmatiereue, idmatiere, code, annee, credit) VALUES (25, 26, 'maths402', '2015-2016', 6);
INSERT INTO matiere_ue (idmatiereue, idmatiere, code, annee, credit) VALUES (26, 27, 'maths403', '2015-2016', 6);
INSERT INTO matiere_ue (idmatiereue, idmatiere, code, annee, credit) VALUES (27, 28, 'maths501', '2015-2016', 6);
INSERT INTO matiere_ue (idmatiereue, idmatiere, code, annee, credit) VALUES (28, 29, 'maths502', '2015-2016', 6);
INSERT INTO matiere_ue (idmatiereue, idmatiere, code, annee, credit) VALUES (29, 17, 'maths503', '2015-2016', 6);


INSERT INTO reponse (idreponse, matricule, idrequete, date_reponse, contenu) VALUES (1, 'ens1234', 1, '14-06-2016', '15/20 et non 12/20');
INSERT INTO reponse (idreponse, matricule, idrequete, date_reponse, contenu) VALUES (2, 'ens3215', 2, '21-06-2016', 'note attribuee 16/20');
INSERT INTO reponse (idreponse, matricule, idrequete, date_reponse, contenu) VALUES (3, 'ens1234', 3, '14-06-2016', NULL);
INSERT INTO reponse (idreponse, matricule, idrequete, date_reponse, contenu) VALUES (4, 'ens1111', 4, '21-06-2016', 'DJANPOUM et non DJAMPOUM');
INSERT INTO reponse (idreponse, matricule, idrequete, date_reponse, contenu) VALUES (5, 'ens3451', 5, '14-06-2016', 'Le 05-06-2016');
INSERT INTO reponse (idreponse, matricule, idrequete, date_reponse, contenu) VALUES (6, 'ens2134', 6, '22-06-2016', 'note attribuee 17/20');
INSERT INTO reponse (idreponse, matricule, idrequete, date_reponse, contenu) VALUES (7, 'ens1234', 7, '24-06-2016', '12/20 et non 09/20');
INSERT INTO reponse (idreponse, matricule, idrequete, date_reponse, contenu) VALUES (8, 'ens2134', 8, '22-06-2016', 'note attribuee 15/20');

INSERT INTO roleadministratif (idadministatif, idrole) VALUES (1, 3);
INSERT INTO roleadministratif (idadministatif, idrole) VALUES (1, 4);


INSERT INTO roleenseignant (matricule, idrole) VALUES ('ens1111', 5);
INSERT INTO roleenseignant (matricule, idrole) VALUES ('ens2222', 5);
INSERT INTO roleenseignant (matricule, idrole) VALUES ('ens1111', 6);
INSERT INTO roleenseignant (matricule, idrole) VALUES ('ens1111', 3);
INSERT INTO roleenseignant (matricule, idrole) VALUES ('ens3232', 3);
INSERT INTO roleenseignant (matricule, idrole) VALUES ('ens3232', 6);
INSERT INTO roleenseignant (matricule, idrole) VALUES ('ens4545', 3);
INSERT INTO roleenseignant (matricule, idrole) VALUES ('ens4545', 6);

INSERT INTO roleetudiant (idrole, matricule) VALUES (1, '11U0049');
INSERT INTO roleetudiant (idrole, matricule) VALUES (1, '12Y080');
INSERT INTO roleetudiant (idrole, matricule) VALUES (2, '11U0049');
INSERT INTO roleetudiant (idrole, matricule) VALUES (2, '12Y080');
INSERT INTO roleetudiant (idrole, matricule) VALUES (1, '13U0015');
INSERT INTO roleetudiant (idrole, matricule) VALUES (1, '12U0003');
INSERT INTO roleetudiant (idrole, matricule) VALUES (1, '12U0001');
INSERT INTO roleetudiant (idrole, matricule) VALUES (1, '11U0005');
INSERT INTO roleetudiant (idrole, matricule) VALUES (1, '11U0006');
INSERT INTO roleetudiant (idrole, matricule) VALUES (1, '11U0007');
INSERT INTO roleetudiant (idrole, matricule) VALUES (1, '11U0008');
INSERT INTO roleetudiant (idrole, matricule) VALUES (1, '13U0009');
INSERT INTO roleetudiant (idrole, matricule) VALUES (1, '13U0010');
INSERT INTO roleetudiant (idrole, matricule) VALUES (1, '13U0011');
INSERT INTO roleetudiant (idrole, matricule) VALUES (1, '13U0012');
INSERT INTO roleetudiant (idrole, matricule) VALUES (1, '13U0013');
INSERT INTO roleetudiant (idrole, matricule) VALUES (1, '11U0014');
INSERT INTO roleetudiant (idrole, matricule) VALUES (2, '14U0017');
INSERT INTO roleetudiant (idrole, matricule) VALUES (2, '14U0016');
INSERT INTO roleetudiant (idrole, matricule) VALUES (2, '13U0018');
INSERT INTO roleetudiant (idrole, matricule) VALUES (2, '14U0023');
INSERT INTO roleetudiant (idrole, matricule) VALUES (2, '14U0022');
INSERT INTO roleetudiant (idrole, matricule) VALUES (2, '14U0019');
INSERT INTO roleetudiant (idrole, matricule) VALUES (2, '15U0021');
INSERT INTO roleetudiant (idrole, matricule) VALUES (2, '15U0020');
INSERT INTO roleetudiant (idrole, matricule) VALUES (2, '12U0034');
INSERT INTO roleetudiant (idrole, matricule) VALUES (2, '12U0035');
INSERT INTO roleetudiant (idrole, matricule) VALUES (2, '13U0036');
INSERT INTO roleetudiant (idrole, matricule) VALUES (2, '11U0024');
INSERT INTO roleetudiant (idrole, matricule) VALUES (2, '11U0025');


INSERT INTO ue_classe (idueclasse, code, idclasse, annee) VALUES (1, 'info302', 8, '2015-2016');
INSERT INTO ue_classe (idueclasse, code, idclasse, annee) VALUES (2, 'maths111', 1, '2015-2016');
INSERT INTO ue_classe (idueclasse, code, idclasse, annee) VALUES (3, 'maths113', 1, '2015-2016');
INSERT INTO ue_classe (idueclasse, code, idclasse, annee) VALUES (4, 'info303', 8, '2015-2016');
INSERT INTO ue_classe (idueclasse, code, idclasse, annee) VALUES (5, 'maths211', 2, '2015-2016');
INSERT INTO ue_classe (idueclasse, code, idclasse, annee) VALUES (6, 'info301', 8, '2015-2016');
INSERT INTO ue_classe (idueclasse, code, idclasse, annee) VALUES (7, 'info402', 9, '2015-2016');
INSERT INTO ue_classe (idueclasse, code, idclasse, annee) VALUES (8, 'info403', 9, '2015-2016');
INSERT INTO ue_classe (idueclasse, code, idclasse, annee) VALUES (9, 'info501', 10, '2015-2016');
INSERT INTO ue_classe (idueclasse, code, idclasse, annee) VALUES (10, 'info401', 9, '2015-2016');
INSERT INTO ue_classe (idueclasse, code, idclasse, annee) VALUES (11, 'info502', 10, '2015-2016');
INSERT INTO ue_classe (idueclasse, code, idclasse, annee) VALUES (12, 'info101', 6, '2015-2016');
INSERT INTO ue_classe (idueclasse, code, idclasse, annee) VALUES (13, 'info102', 6, '2015-2016');
INSERT INTO ue_classe (idueclasse, code, idclasse, annee) VALUES (14, 'info103', 6, '2015-2016');
INSERT INTO ue_classe (idueclasse, code, idclasse, annee) VALUES (15, 'info202', 7, '2015-2016');


